Date,USD,EUR,JPY,GBP,AUD,CAD,NZD,SEK,NOK,VIX,USDi,NZDi,GBPi,NOKi,JPYi,CADi,AUDi,CHFi,SEKi,EURi
2002-04-30,1.6216,1.45976432,0.0126243674581549,2.3618604,0.8711235199999999,1.0341177220840507,0.72517952,0.1577431906614786,0.1929327781082689,21.91,1.87,5.68,4.17319,6.77,0.1,2.402727,4.59,1.447129,4.25,3.4069
2002-05-31,1.5693,1.4655692699999998,0.0126423910416498,2.29510125,0.8882237999999999,1.0273649754500818,0.7516946999999999,0.1610446918774693,0.1961012183692596,19.98,1.82,5.83,4.1537,6.9,0.08,2.610909,4.84,1.124678,4.29,3.4671
2002-06-30,1.492,1.4705152,0.0124488944513975,2.274554,0.8396975999999999,0.9822251481237656,0.725112,0.1620506136635168,0.1982987772461456,25.4,1.81,5.96,4.17758,7.12,0.09,2.789,5.07,1.138108,4.28,3.464
2002-07-31,1.4833,1.4530406800000002,0.012384570426651,2.31765625,0.80765685,0.9361312716945408,0.6949260500000001,0.1558906988964792,0.1946587926509186,32.03,1.79,6.0,4.06054,7.25,0.09,2.875909,4.98,0.704178,4.26,3.41
2002-08-31,1.5007,1.47158642,0.0126364095655102,2.32248332,0.8246346499999999,0.962913057427013,0.7021775299999999,0.1596489361702127,0.1991216198285699,32.64,1.73,5.87,3.98654,7.26,0.07,2.945714,4.96,0.620826,4.19,3.3519
2002-09-30,1.4758,1.45794282,0.0121225562674552,2.317006,0.80121182,0.9303410451995208,0.69333084,0.1591330601682122,0.1991632928475033,39.69,1.76,5.86,3.98872,7.15,0.08,2.9155,4.92,0.606619,4.17,3.3101
2002-10-31,1.4805,1.46288205,0.0120581527936145,2.3140215,0.8213813999999999,0.9484304932735426,0.7189308,0.1611253196930946,0.1985782308362953,31.14,1.73,5.88,3.96401,7.12,0.08,2.880909,4.9,0.602483,4.07,3.2613
2002-11-30,1.486,1.4758952,0.0121088657105606,2.3111758,0.8323086000000001,0.9490356367352152,0.740028,0.1637285147642133,0.2026179438232888,27.5,1.39,5.9,3.97142,7.09,0.08,2.836,4.84,0.601656,3.91,3.1241
2002-12-31,1.3833,1.45039005,0.0116488421052631,2.22642135,0.77810625,0.875506329113924,0.72471087,0.1590914318573893,0.1993945945945946,28.62,1.34,5.92,4.01777,6.62,0.1,2.857,4.83,0.4675,3.67,2.941
2003-01-31,1.3683,1.4694173700000002,0.0114063021007002,2.2505798400000003,0.8018238,0.8951328012560513,0.7443552000000001,0.1588460645460877,0.1964254952627045,31.17,1.29,5.86,3.98263,5.99,0.1,2.87,4.8,0.502632,3.65,2.8318
2003-02-28,1.3557,1.46130903,0.0114676027744882,2.13346509,0.82358775,0.9110887096774192,0.7564806000000001,0.159400352733686,0.1891322544642857,29.63,1.27,5.82,3.75425,5.69,0.09,2.921,4.75,0.482395,3.61,2.6875
2003-03-31,1.3538,1.475642,0.0114660794443973,2.1376502,0.8183720999999999,0.9212657366451174,0.7497344399999999,0.1597686906237092,0.1860637713029136,29.15,1.23,5.81,3.65503,5.49,0.08,3.201905,4.76,0.176613,3.4,2.53
2003-04-30,1.3545,1.514331,0.0113756613756613,2.1672,0.8481879,0.94482421875,0.7585200000000001,0.1657894736842105,0.1936383130807719,21.21,1.24,5.73,3.64598,5.26,0.08,3.301905,4.79,0.169372,3.42,2.5333
2003-05-31,1.3022,1.53216852,0.0108970711297071,2.13469646,0.84812286,0.949679113185531,0.74993698,0.1676925850567903,0.1945992797047088,19.47,1.22,5.38,3.63252,4.92,0.08,3.322857,4.78,0.162716,3.18,2.4005
2003-06-30,1.3519,1.55495538,0.0112780512221573,2.2345555100000003,0.90753047,0.99712346953828,0.7930245400000001,0.1690191910983309,0.1871271368260779,19.52,1.04,5.23,3.63966,4.04,0.09,3.215714,4.67,0.164295,2.81,2.1519
2003-07-31,1.3736,1.5426901599999998,0.0114067430659358,2.2101224,0.8892686399999999,0.9759840841267584,0.7951770399999999,0.1671046228710462,0.1884742041712404,19.49,1.05,5.11,3.49022,3.45,0.09,3.010455,4.72,0.159799,2.68,2.13
2003-08-31,1.4005,1.5385893000000002,0.0119998286350784,2.20900865,0.9089245,1.0111913357400724,0.8101892500000001,0.1674357993400602,0.186571637913808,18.63,1.08,5.11,3.52249,3.14,0.09,2.854211,4.82,0.145384,2.71,2.1404
2003-09-30,1.3208,1.538732,0.0118531813694696,2.1951696,0.8977477599999999,0.9778633301251204,0.7858759999999999,0.1704214084797811,0.1871961676375129,22.72,1.08,5.15,3.6967,2.81,0.09,2.712857,4.91,0.125374,2.71,2.1473
2003-10-31,1.3382,1.55351638,0.0121544050862851,2.26905192,0.94704414,1.01417203486169,0.8187107600000001,0.1712567187100077,0.1887180933577774,16.1,1.1,5.19,3.80338,2.86,0.09,2.695,4.97,0.130071,2.73,2.1436
2003-11-30,1.2917,1.54939415,0.0117931160412672,2.22417823,0.93467412,0.9956833423263702,0.82604215,0.1710634353065819,0.1892878077373974,16.32,1.11,5.37,3.98043,2.89,0.08,2.76,5.31,0.149284,2.72,2.159
2003-12-31,1.238,1.5595086,0.0115560533930738,2.2088396,0.930976,0.9579818927493616,0.8117565999999999,0.1720639332870048,0.1857185718571857,18.31,1.1,5.32,4.01864,2.64,0.1,2.707143,5.47,0.127889,2.7,2.1463
2004-01-31,1.2593,1.5680803600000002,0.0118981481481481,2.29381495,0.96021625,0.94934036939314,0.84436065,0.1699001618996222,0.1794871794871795,16.63,1.06,5.35,4.05531,2.26,0.09,2.508095,5.55,0.119652,2.6,2.0895
2004-02-29,1.268,1.5775188,0.0116053450485081,2.35531,0.9785156,0.9459157030958596,0.8688336000000001,0.1705906094443697,0.1799347239960267,14.55,1.05,5.59,4.16654,2.01,0.09,2.323,5.57,0.155258,2.46,2.0705
2004-03-31,1.2677,1.55825684,0.0121683624496064,2.332568,0.9659874,0.967709923664122,0.8430205000000001,0.1679072847682119,0.1847959183673469,16.74,1.05,5.54,4.29673,1.84,0.08,2.159565,5.51,0.155299,2.36,2.0288
2004-04-30,1.2984,1.554834,0.0117640663223702,2.30388096,0.9361464,0.9469768798774708,0.81046128,0.169892051030422,0.1889268825027282,17.19,1.08,5.59,4.39472,1.97,0.08,2.068571,5.54,0.186379,2.02,2.0488
2004-05-31,1.2533,1.53115661,0.0113750226901434,2.2972989,0.89460554,0.917093516756915,0.78769905,0.1680499872618297,0.1863476864517664,15.5,1.2,5.9,4.52872,1.99,0.08,2.0675,5.51,0.179594,1.99,2.0859
2004-06-30,1.252,1.5248108,0.0114411039020378,2.2693752,0.8703904,0.9338405310658612,0.7915144,0.1663787375415282,0.1804554626693571,14.34,1.46,6.07,4.78974,2.03,0.09,2.101818,5.49,0.416011,1.98,2.1127
2004-07-31,1.2796,1.53961472,0.0114875662088158,2.32669668,0.9001986000000001,0.9623947051744888,0.8138256,0.1666037367358896,0.1825652732201455,15.32,1.57,6.25,4.85702,2.02,0.09,2.105238,5.46,0.45557,1.99,2.116
2004-08-31,1.2641,1.54005303,0.011597247706422,2.27929871,0.8938451099999999,0.9601245632690264,0.82975524,0.1687266417512012,0.1836073669532884,15.29,1.68,6.44,4.96284,2.02,0.09,2.145238,5.44,0.540374,1.99,2.1143
2004-09-30,1.2471,1.5485240700000005,0.0113166969147005,2.2560039,0.9033992400000002,0.9860056925996208,0.8424160500000001,0.1710934284538345,0.1853872454288687,13.34,1.86,6.64,4.9469,1.96,0.09,2.412857,5.42,0.608337,2.0,2.1186
2004-10-31,1.1988,1.5279904800000002,0.0113051678611844,2.1991986000000003,0.8952638400000001,0.9818985993938898,0.81925992,0.1689069236621861,0.1875821493396758,16.27,2.04,6.75,4.90071,2.0,0.09,2.575,5.41,0.63502,1.99,2.1473
2004-11-30,1.1421,1.51431039,0.0110840450310558,2.17832733,0.8820438299999999,0.9595866240967904,0.81580203,0.1695441117527426,0.1860370412601195,13.24,2.26,6.72,4.88359,1.99,0.09,2.703809,5.43,0.646169,1.99,2.1703
2004-12-31,1.1412,1.54495656,0.0111141410206466,2.1865392,0.8907066,0.9483131128469336,0.82200636,0.1711278060191641,0.1877158930157581,13.29,2.45,6.71,4.87103,1.99,0.1,2.571905,5.41,0.604167,2.0,2.1732
2005-01-31,1.1877,1.54982973,0.0114698213423466,2.2388145,0.92153643,0.9581316553727008,0.8446922400000001,0.1702088020751228,0.1868686868686868,12.82,2.61,6.76,4.87316,1.96,0.1,2.564,5.42,0.665596,2.0,2.1454
2005-02-28,1.1585,1.5377929,0.0111127098321342,2.2299966500000004,0.919849,0.942252948352989,0.8443148,0.1696814353716587,0.1868277185569836,12.08,2.77,6.83,4.89069,1.92,0.1,2.5825,5.63,0.685385,1.97,2.1383
2005-03-31,1.1952,1.55005488,0.011147174034695,2.25749376,0.92377008,0.9882586406482552,0.85169952,0.1691959229898074,0.1883658255977053,14.02,2.97,6.99,4.98736,2.02,0.08,2.625909,5.81,0.686455,1.97,2.1372
2005-04-30,1.1898,1.53710262,0.0113704128440366,2.27513556,0.93208932,0.9466900063653724,0.8739081000000001,0.167287656594913,0.1894948079250812,15.31,3.09,7.05,4.94336,2.05,0.08,2.584762,5.75,0.664897,1.99,2.1372
2005-05-31,1.2447,1.53708003,0.0115282022784106,2.26921257,0.94485177,0.994804987212276,0.8793805499999999,0.1679575754304528,0.1936613144137416,13.29,3.22,7.05,4.89375,2.08,0.08,2.58619,5.68,0.672308,1.9,2.1256
2005-06-30,1.2827,1.55181046,0.01156523307186,2.2998811,0.97716086,1.0465894255874673,0.8926309299999999,0.1643981339075156,0.1961884951285541,12.04,3.38,7.03,4.84144,2.15,0.09,2.583182,5.66,0.663959,1.65,2.111
2005-07-31,1.287,1.5610023,0.0114654788418708,2.2642191,0.9773478,1.0500122379048706,0.8795358,0.1658205993764011,0.1986570965501273,11.57,3.57,7.03,4.65794,2.22,0.09,2.631,5.65,0.673901,1.48,2.1194
2005-08-31,1.2546,1.5469218,0.0113190184049079,2.25978552,0.94270644,1.0549062473724038,0.86968872,0.1659545761187317,0.1968772067477442,12.6,3.77,7.03,4.59465,2.25,0.09,2.77,5.62,0.681105,1.48,2.1325
2005-09-30,1.289,1.5542762,0.011377879777562,2.2810144,0.9851827,1.1105367450676316,0.8943081999999999,0.1667744857031957,0.1973029649018077,11.92,3.87,7.09,4.59686,2.35,0.09,2.89,5.62,0.708462,1.47,2.1391
2005-10-31,1.29,1.547355,0.0110862839463733,2.281881,0.96492,1.093591047812818,0.903387,0.1622866056938696,0.1986112607966005,15.32,4.13,7.28,4.58701,2.45,0.09,3.099,5.63,0.766206,1.49,2.1966
2005-11-30,1.3148,1.5501492,0.0109877987631622,2.27736508,0.97216312,1.1266495287060838,0.92390996,0.1628578152676105,0.1950944460107132,12.06,4.31,7.54,4.61847,2.54,0.09,3.295714,5.63,0.939903,1.51,2.3609
2005-12-31,1.3148,1.55698616,0.0111537156430268,2.25987824,0.96532616,1.1280027453671928,0.8999806,0.165654529419176,0.1949469189253306,12.07,4.45,7.66,4.63732,2.55,0.1,3.469,5.63,0.885,1.69,2.4729
2006-01-31,1.2784,1.55427872,0.0109377138945927,2.2781088,0.96800448,1.117873382301504,0.87659888,0.1681463652027515,0.1921337000465906,12.95,4.56,7.64,4.60368,2.52,0.1036,3.618572,5.63,0.937614,1.83,2.5117
2006-02-28,1.3111,1.5634867499999998,0.0113201519599378,2.29953829,0.9741473,1.152210211793655,0.8697837399999999,0.1656391338403618,0.1943118830957109,12.34,4.72,7.53,4.58199,2.57,0.11,3.763,5.61,1.072762,1.93,2.6004
2006-03-31,1.3025,1.58110475,0.0110869935308137,2.26543825,0.93324125,1.1161096829477293,0.8028609999999999,0.1677333779763821,0.1989764741827069,11.39,4.88,7.49,4.58741,2.72,0.1255,3.94087,5.61,1.149522,1.96,2.7226
2006-04-30,1.2411,1.5667646400000002,0.0109069338254679,2.2612842000000004,0.94236723,1.107828260287423,0.7903324800000001,0.1686758450101252,0.201330197096277,11.59,5.03,7.47,4.6296,2.82,0.14,4.122632,5.69,1.230501,2.05,2.7938
2006-05-31,1.2159,1.56036447,0.0108311063602351,2.27762388,0.91423521,1.1026571143556725,0.77404194,0.1685402603163162,0.2003559246626131,16.44,5.15,7.49,4.7015,2.94,0.27,4.258636,5.87,1.321969,2.11,2.889
2006-06-30,1.2247,1.56504413,0.0106951357960003,2.26459277,0.90909481,1.098385650224215,0.74767935,0.1697788868094545,0.1968338154934104,13.08,5.35,7.47,4.73498,3.03,0.35,4.417727,5.96,1.401813,2.21,2.9857
2006-07-31,1.2311,1.57137604,0.01075760223698,2.30031035,0.94351504,1.0886019984083477,0.7589731500000001,0.1706377257543626,0.1998798545265619,14.95,5.46,7.48,4.73322,3.09,0.44,4.378,6.05,1.449784,2.28,3.1022
2006-08-31,1.2336,1.5781444800000002,0.0105121431614827,2.34680064,0.9412368,1.1147659497560094,0.8073912,0.1703208703816204,0.1952331212610388,12.31,5.38,7.49,4.94425,3.23,0.432,4.344091,6.19,1.595433,2.43,3.2265
2006-09-30,1.2504,1.58638248,0.0105975082634121,2.34024864,0.93292344,1.1213344094700026,0.8165112,0.1709901951399619,0.1922125036508692,11.98,5.34,7.56,5.02501,3.37,0.436,4.3215,6.21,1.717804,2.54,3.3354
2006-10-31,1.2424,1.58691752,0.0106351652114363,2.37099616,0.96199032,1.106617974525697,0.8332776799999999,0.1722899418951338,0.1902020820575627,11.1,5.33,7.66,5.13176,3.48,0.447,4.327619,6.28,1.758905,2.74,3.502
2006-11-30,1.1966,1.5868112600000002,0.0103556901774123,2.35646438,0.94483536,1.0484535179181635,0.8196710000000001,0.1751181747669432,0.1944995286239069,10.91,5.32,7.61,5.22544,3.62,0.502,4.312381,6.37,1.844579,2.9,3.5972
2006-12-31,1.2195,1.60937415,0.0102461771130902,2.3885127,0.9614538,1.0466014418125644,0.8592597000000001,0.1784407831201896,0.1957872429238846,11.56,5.32,7.66,5.29167,3.8,0.54,4.320588,6.39,2.000507,3.0,3.6842
2007-01-31,1.247,1.6208506000000005,0.0103040819699223,2.4454917000000003,0.965178,1.0574966078697423,0.8549432,0.1790303360946405,0.1991821870108296,10.42,5.32,7.7,5.48623,3.98,0.54,4.333636,6.43,2.076484,3.21,3.7519
2007-02-28,1.2189,1.6126047,0.0103008535451702,2.39062857,0.96195588,1.041794871794872,0.8546926800000001,0.1741783366676193,0.1987898753995694,15.42,5.31,7.75,5.5657,4.2,0.66,4.348,6.37,2.126084,3.29,3.8182
2007-03-31,1.2126,1.6217312399999997,0.0103147329023477,2.3870031,0.98269104,1.0516912402428449,0.8679790799999999,0.1736328880106533,0.1995261131404876,14.64,5.3,7.88,5.54946,4.43,0.66,4.345909,6.43,2.191262,3.26,3.8909
2007-04-30,1.2064,1.6479424,0.010100468854655,2.4128,1.00444864,1.0899891579327792,0.895752,0.1801269130272489,0.2029575545498898,14.22,5.31,7.98,5.64899,4.54,0.65,4.35,6.48,2.249416,3.34,3.9753
2007-05-31,1.2252,1.64826156,0.010062417871222,2.4255284400000003,1.0134854400000002,1.1449397252593216,0.9023598000000002,0.1770750531138442,0.2028376074036058,13.05,5.31,8.09,5.76742,4.6,0.67,4.368636,6.37,2.372672,3.4,4.0714
2007-06-30,1.224,1.654848,0.0099197665937272,2.4557112,1.0392983999999998,1.1510250141056988,0.946152,0.178803593601636,0.2076617691968375,16.23,5.33,8.32,5.88018,4.75,0.73,4.529524,6.42,2.603583,3.45,4.1478
2007-07-31,1.2021,1.64819931,0.0100906572651725,2.44795644,1.03308474,1.1280968468468466,0.92742015,0.1790251239817117,0.2069517611816961,23.52,5.32,8.44,6.02396,4.89,0.77,4.68,6.47,2.569857,3.53,4.2162
2007-08-31,1.2071,1.64660511,0.0104213070879737,2.4341171500000005,0.98463147,1.1430871212121212,0.84798775,0.1753944959460637,0.2073698677203229,23.38,5.49,8.72,6.41946,5.18,0.84,4.947273,6.75,2.617643,3.58,4.5436
2007-09-30,1.1672,1.65964168,0.0101522136209445,2.37980408,1.0335556,1.172005221407772,0.8833369600000001,0.1802764692254228,0.2157685553193455,18.0,5.46,8.81,6.64694,5.51,0.85,5.119473,6.94,2.427135,3.62,4.7417
2007-10-31,1.1589,1.67669652,0.0100537867615164,2.40784653,1.07441619,1.2204085930918285,0.89154177,0.1821940636397937,0.2151409954146323,18.53,5.08,8.68,6.27014,5.67,0.85,4.915,6.91,2.359806,3.81,4.6874
2007-11-30,1.1287,1.6578345600000002,0.0101666366420464,2.32139729,0.99867376,1.127910462676127,0.86582577,0.1768955897564492,0.2042711066871776,22.87,4.97,8.73,6.40858,5.78,0.87,4.767619,7.15,2.319167,4.02,4.6385
2007-12-31,1.1329,1.65437387,0.0101414376510607,2.24801347,0.99423304,1.146543872077725,0.8698406200000001,0.1754584314211374,0.2085987847541889,22.5,5.02,8.9,6.35943,5.96,0.86,4.796316,7.29,2.312795,4.12,4.8484
2008-01-31,1.0845,1.60950645,0.0101602023608768,2.15761275,0.9725796,1.08255140746656,0.8550198,0.1700963016405784,0.2003658131027602,26.2,3.84,8.75,5.65965,5.79,0.85,4.246364,7.18,2.286765,4.11,4.4815
2008-02-29,1.0435,1.58476345,0.0100153565601305,2.0728084,0.9777595,1.06523070641078,0.8376174500000001,0.1690809514550522,0.2004379477920132,26.54,3.06,8.82,5.64202,5.91,0.85,3.82,7.69,2.42776,4.21,4.3621
2008-03-31,0.9921,1.56801405,0.0099359038557836,1.96981455,0.90598572,0.9655474452554744,0.7797906,0.1671327493261455,0.195191532059732,25.61,2.79,8.91,5.89929,6.18,0.84,3.583,7.9,2.240143,4.24,4.5964
2008-04-30,1.0422,1.62249696,0.009970343442074,2.06845434,0.98164818,1.0326991676575503,0.8139582000000001,0.1739609414121181,0.2036541279921837,20.79,2.85,8.87,5.91881,6.3,0.84,3.457,7.84,2.076832,4.14,4.7835
2008-05-31,1.0426,1.6222856,0.0098862127820974,2.06361818,0.99578726,1.049104447574965,0.81718988,0.173885488417085,0.2049457461865073,17.83,2.66,8.71,5.82639,6.48,0.84,3.1505,7.75,2.034167,4.11,4.8574
2008-06-30,1.0202,1.60661096,0.0096091174531411,2.03081012,0.97551524,1.00166912125675,0.77627018,0.169445920807866,0.2004361578812943,23.95,2.76,8.68,5.92944,6.41,0.86,3.177647,7.81,2.141924,4.17,4.9405
2008-07-31,1.0489,1.6351302099999998,0.0097030527289546,2.07745134,0.98753935,1.022220056524705,0.7698925999999999,0.1732802484636225,0.2043723087114938,22.94,2.79,8.46,5.8322,6.46,0.85,3.267,7.75,2.1639,4.34,4.961
2008-08-31,1.1019,1.6163771100000002,0.0101380071763731,2.0043561000000003,0.94355697,1.0364970369673598,0.7703382900000001,0.171105141384183,0.2031489094965063,20.65,2.79,8.2,5.76619,6.53,0.85,3.23,7.31,2.19375,4.4,4.9652
2008-09-30,1.1189,1.57552309,0.0105616386633943,1.99208956,0.88437856,1.0558648674153062,0.7485441,0.1610878359895766,0.1899983019188317,39.39,3.59,7.95,5.9106,6.82,0.87,3.716667,7.27,1.904141,4.49,5.0192
2008-10-31,1.1669,1.47986258,0.0118732193732193,1.88629385,0.76712006,0.9597795690080606,0.67855235,0.1499563071861828,0.1739331335986525,59.89,4.32,7.43,6.13304,6.92,0.89,3.318636,6.03,1.18913,3.63,5.1131
2008-11-30,1.2165,1.5442251,0.0127435575109993,1.8670842,0.7963208999999999,0.9842233009708736,0.669075,0.1498171159743346,0.173733594207452,55.84,2.36,6.25,4.44684,6.18,0.88,2.776316,4.76,0.06,3.2,4.2383
2008-12-31,1.0673,1.4855748699999998,0.0117556999669567,1.5602858699999995,0.74529559,0.8719771241830064,0.62063495,0.1354957471118446,0.153004759447216,40.0,1.77,5.23,3.17247,4.64,0.74,2.344286,4.39,0.25,1.82,3.2926
2009-01-31,1.1612,1.48680048,0.0129266392073917,1.67363756,0.7408456,0.9391023048928429,0.59035408,0.1388214759644697,0.1679053760953179,44.84,1.02,4.38,2.34276,3.7,0.72,1.589048,3.74,0.121698,1.35,2.4565
2009-02-28,1.1672,1.47790864,0.0119418866380192,1.66629472,0.74922568,0.9183320220298978,0.5871016,0.1293439716312057,0.1656213639072566,46.35,1.16,3.4,2.09038,3.48,0.71,1.231053,3.16,0.133054,0.85,1.9431
2009-03-31,1.1395,1.51109095,0.0114926878466969,1.629485,0.78910375,0.9039346343011264,0.6486034,0.1380843896173141,0.1689725225024838,44.14,1.07,3.24,1.83139,3.17,0.65,1.062727,3.16,0.11,0.4,1.6355
2009-04-30,1.1402,1.51008088,0.0115451599837991,1.68738198,0.8342843400000001,0.955021358572745,0.6493439000000001,0.1427355349139981,0.1736257042789706,36.5,0.89,3.12,1.53413,2.87,0.6,0.8980953,3.1,0.112308,0.3,1.4223
2009-05-31,1.0692,1.51035192,0.0111899529042386,1.7278272,0.8546115599999999,0.9758145477776764,0.6810803999999999,0.1402744614415785,0.1693406610811067,28.92,0.57,2.82,1.35795,2.4,0.57,0.6365,3.13,0.092727,0.47,1.2817
2009-06-30,1.0867,1.5235534,0.0112704833022194,1.78783884,0.8753368499999999,0.9347152933081024,0.7005954900000001,0.140614890918972,0.1688628523479504,26.35,0.39,2.78,1.24117,2.1,0.56,0.56,3.25,0.082857,0.39,1.2279
2009-07-31,1.0668,1.52328372,0.0112841125449545,1.78294284,0.8896045199999999,0.9886016124548236,0.7046214,0.147815604605728,0.1744648142999656,25.92,0.35,2.79,1.00113,1.87,0.55,0.3836364,3.14,0.075833,0.18,0.975
2009-08-31,1.0569,1.51707426,0.0113865546218487,1.7242266599999998,0.89191791,0.963709309747424,0.72461064,0.148639336192954,0.1760003996602887,26.01,0.3,2.76,0.77369,1.88,0.54,0.4205,3.3,0.0575,0.16,0.8605
2009-09-30,1.0375,1.5178625,0.0115934741311878,1.6604150000000002,0.91549,0.9679074540535498,0.7504237500000002,0.1487433871915814,0.1795821577553528,25.61,0.25,2.77,0.6056,1.93,0.54,0.3980953,3.37,0.07625,0.15,0.7721
2009-10-31,1.0238,1.5106169,0.0113127071823204,1.68712002,0.92531044,0.9508683941673632,0.7402074,0.145203381176604,0.1797717295873573,30.69,0.24,2.79,0.57087,2.03,0.53,0.3866667,3.78,0.104359,0.18,0.7375
2009-11-30,1.005,1.506897,0.0116697631212261,1.6491044999999998,0.9188715,0.9508041627246924,0.7186754999999999,0.1437377536864085,0.1765387858347386,24.51,0.21,2.8,0.60936,2.05,0.51,0.3805,3.95,0.06,0.18,0.7162
2009-12-31,1.0358,1.48450856,0.0111280618822518,1.67457786,0.93004482,0.9901539049804036,0.7514729000000001,0.1448023262316166,0.1788977357121884,21.68,0.22,2.78,0.60541,2.08,0.46,0.3790476,4.13,0.1,0.17,0.712
2010-01-31,1.0557,1.4642559000000002,0.0116806815667183,1.69007013,0.93672261,0.9910814870446866,0.7438462200000001,0.1429480582787196,0.1783246904613098,24.62,0.2,2.78,0.61265,2.25,0.45,0.38,4.2,0.0875,0.2,0.6797
2010-02-28,1.0711,1.4631226,0.012056506078343,1.63224929,0.95981271,1.0181558935361217,0.7497699999999999,0.1508379101534995,0.1815669921345267,19.5,0.19,2.73,0.6331,2.27,0.44,0.3757895,4.16,0.145,0.22,0.6617
2010-03-31,1.0528,1.42401728,0.011271948608137,1.59878208,0.96531232,1.0366285939346198,0.74727744,0.1461653801299494,0.177277855422904,17.59,0.23,2.67,0.64549,2.3,0.43,0.3856522,4.33,0.13,0.23,0.645
2010-04-30,1.0767,1.43222634,0.0114250848896434,1.6482123599999998,1.00197702,1.0647745253164556,0.7881444,0.1487997346563661,0.182476061350733,22.05,0.3,2.69,0.65592,2.39,0.4,0.487619,4.55,0.1,0.29,0.6447
2010-05-31,1.1534,1.42664046,0.0127012443563484,1.67150728,0.97935194,1.09879013051348,0.78408132,0.1479818326447871,0.1791912004598629,32.07,0.45,2.89,0.69713,2.5,0.39,0.6035,4.81,0.08,0.28,0.6865
2010-06-30,1.0774,1.32423234,0.0121753870493841,1.6103897799999998,0.9136352,1.0158400905148028,0.74351374,0.1389816952825685,0.1662038751079846,34.54,0.52,3.07,0.72839,2.67,0.38,0.7240909,4.89,0.15,0.27,0.7276
2010-07-31,1.041,1.3604828999999998,0.0120444290177021,1.6358273999999997,0.9422091,1.0113669484115415,0.7558700999999999,0.1446395820596898,0.1721941940286163,23.5,0.41,3.23,0.73603,2.69,0.37,0.8328571,4.84,0.234685,0.39,0.8488
2010-08-31,1.015,1.289456,0.0120689655172413,1.5588369999999998,0.904365,0.9539473684210524,0.7099924999999999,0.1377391776360428,0.1614262766989519,26.05,0.32,3.25,0.73296,2.65,0.36,0.9028571,4.74,0.237601,0.45,0.8955
2010-09-30,0.9808,1.33398608,0.0117418891416257,1.54289648,0.9454912,0.952880598464976,0.71882832,0.1450329754828024,0.1663726421495454,23.7,0.28,3.18,0.72859,2.64,0.36,1.114286,4.82,0.217346,0.52,0.8805
2010-10-31,0.985,1.368559,0.0122390656063618,1.57797,0.965103,0.9669186217728478,0.7510625,0.1469096766495645,0.1675597516373224,21.2,0.27,3.18,0.7384,2.56,0.34,1.157,4.81,0.225273,0.81,0.9977
2010-11-30,0.9985,1.3016446000000002,0.0119494973671613,1.5554633000000002,0.95925895,0.9726280927332944,0.74338325,0.1423885918003565,0.1613841702897965,23.54,0.27,3.17,0.73901,2.51,0.34,1.167143,5.02,0.234328,1.11,1.042
2010-12-31,0.9369,1.24317261,0.011471776662177,1.44207648,0.94833018,0.936057548206614,0.72019503,0.1386541563688564,0.1590554121961157,17.75,0.3,3.17,0.74962,2.59,0.34,1.179524,5.03,0.1625,1.28,1.0217
2011-01-31,0.9402,1.2894843,0.0114700500182993,1.5082688400000002,0.93794352,0.9383233532934132,0.7272447,0.146179918529805,0.1627798265205422,19.53,0.29,3.19,0.76866,2.59,0.34,1.18,4.96,0.170246,1.49,1.0172
2011-02-28,0.9305,1.28343865,0.0113558701488894,1.51178335,0.9466907,0.955633151894834,0.6999221,0.1466693988209703,0.1657522533756101,18.35,0.28,3.13,0.79962,2.61,0.34,1.188421,4.92,0.141416,1.74,1.0867
2011-03-31,0.9157,1.29873731,0.0110645239246012,1.46951536,0.94848206,0.942369043943604,0.69950323,0.1450407070675072,0.165485958000506,17.74,0.28,2.69,0.80913,2.62,0.33615,1.183913,4.92,0.142727,1.74,1.1755
2011-04-30,0.8666,1.28438786,0.0106579756487516,1.44644206,0.94780042,0.9135568205776936,0.69917288,0.1438149291380397,0.1653879919080881,14.75,0.23,2.65,0.82096,2.69,0.33286,1.184,4.9,0.144804,1.8,1.3212
2011-05-31,0.8525,1.225554,0.0104871447902571,1.40142475,0.908765,0.8799545829892651,0.7016927500000001,0.1379918742614804,0.1583924789119691,15.45,0.21,2.66,0.82344,2.72,0.33214,1.187143,5.0,0.099,1.91,1.4251
2011-06-30,0.8413,1.22181999,0.0104327876984126,1.35171671,0.90288316,0.8725368180875338,0.6969329200000001,0.1334824757643549,0.1565238423040428,16.52,0.22,2.65,0.82512,2.85,0.33214,1.169545,4.99,0.126818,1.85,1.4886
2011-07-31,0.7881,1.13391828,0.0102111946100025,1.29681855,0.86698881,0.8261872313659713,0.6916365600000001,0.1253738466433344,0.1466232558139535,25.25,0.24,2.71,0.8289,2.94,0.33214,1.17,4.96,0.074,1.8,1.5976
2011-08-31,0.8038,1.15795428,0.0105071895424836,1.30770222,0.86022676,0.8216293570479403,0.68732938,0.1271372759913322,0.1502710787063002,31.62,0.29,2.9,0.85782,3.1,0.32857,1.151818,4.86,-1.0,1.71,1.5521
2011-09-30,0.9048,1.21686552,0.0117445482866043,1.4136595200000002,0.88163712,0.8709211666185389,0.694434,0.1326880774307083,0.155016447368421,42.96,0.33,2.88,0.9181,3.08,0.32929,1.15,4.81,0.044047,1.58,1.5365
2011-10-31,0.8706,1.21422582,0.0111658330126971,1.40523546,0.9237066,0.8765606121627064,0.7069272000000001,0.134694824785333,0.1579147847853295,29.96,0.37,2.76,0.96991,3.08,0.32929,1.1515,4.73,-0.157907,1.45,1.5759
2011-11-30,0.9106,1.22503018,0.0117375612271203,1.4300973,0.93281864,0.8928326306500637,0.70744514,0.1347938716601288,0.1579723470325972,27.8,0.41,2.69,1.01182,3.16,0.32929,1.159524,4.62,0.055836,1.45,1.4847
2011-12-31,0.9374,1.21608902,0.0121771888802286,1.45643838,0.96092874,0.9219118804091267,0.7316407,0.1363748781587791,0.1570657819778157,23.4,0.49,2.69,1.06148,3.02,0.32929,1.156,4.51,0.08,1.37,1.4261
2012-01-31,0.922,1.2034866,0.0120775478124181,1.4525188,0.9771356,0.9174129353233832,0.7602812,0.1352679684863778,0.1569896134854418,19.44,0.4,2.74,1.08709,2.7,0.33077,1.158571,4.41,0.1,1.56,1.2222
2012-02-29,0.9023,1.20538257,0.0111257706535141,1.43925873,0.97240871,0.914555037502534,0.75766131,0.1370381057971234,0.1618852826668102,18.43,0.3,2.75,1.07249,2.67,0.33167,1.16,4.37,-0.01,1.59,1.0483
2012-03-31,0.9026,1.20352684,0.0109525543016624,1.4428061,0.93572542,0.9035035035035036,0.7401319999999999,0.1363629496457222,0.1583480991561551,15.5,0.29,2.74,1.03757,2.43,0.33167,1.152273,4.44,0.053333,1.49,0.8585
2012-04-30,0.9081,1.20132549,0.0113782733993233,1.47339225,0.9453321,0.9185717175804168,0.74228094,0.1349852840621934,0.1585480829666876,17.15,0.29,2.74,1.01792,2.32,0.33167,1.147,4.2,-0.05,1.44,0.7443
2012-05-31,0.9713,1.20091532,0.0124064376037808,1.49628765,0.94322943,0.938544786935936,0.7310975100000001,0.1336866010598031,0.1589767091673895,24.06,0.29,2.59,1.005,2.32,0.33167,1.179545,3.66,-0.039062,1.38,0.6849
2012-06-30,0.9485,1.2015597999999998,0.0118844756296203,1.4878171,0.9708846,0.9308145240431795,0.7613609499999999,0.1372191600480303,0.1593019935842528,17.08,0.32,2.61,0.94978,2.34,0.33455,1.160952,3.49,0.035455,1.24,0.6589
2012-07-31,0.9753,1.20108195,0.0124878361075544,1.52985558,1.02621066,0.9739364889155182,0.7914559499999999,0.1437011934580816,0.1620395753376862,18.93,0.3,2.67,0.81735,2.24,0.32727,1.16,3.55,-0.19,1.1,0.497
2012-08-31,0.9546,1.20069588,0.012191570881226,1.51437744,0.98648364,0.9679578178868384,0.76721202,0.1442516924564796,0.1646145887221934,17.47,0.26,2.64,0.70481,2.13,0.32727,1.16,3.62,-0.1875,1.15,0.3324
2012-09-30,0.94,1.208464,0.0120636550308008,1.516408,0.976472,0.9555758869574056,0.779542,0.1431857301710612,0.1640717726733226,15.73,0.24,2.64,0.64803,1.96,0.32727,1.16,3.49,-0.10667,1.04,0.2463
2012-10-31,0.9311,1.20651938,0.0116474856142106,1.50009521,0.9655507,0.9316589953972384,0.7653641999999999,0.1403358051486103,0.1631362242663162,18.6,0.23,2.65,0.54397,1.92,0.32636,1.16,3.16,0.06,0.98,0.2079
2012-11-30,0.9264,1.2052464,0.011223649139811,1.48474128,0.96614256,0.9328365723492096,0.7597406400000001,0.1391116316785296,0.1634813912859336,15.87,0.23,2.64,0.52452,1.92,0.31818,1.16,3.24,-0.125,1.06,0.192
2012-12-31,0.9155,1.2071783,0.0105667128347183,1.4887861,0.9514791499999998,0.9193613175336413,0.75684385,0.1406859882595199,0.1646049839979862,18.02,0.24,2.65,0.51848,1.87,0.30818,1.16,3.11,-0.076761,1.01,0.1855
2013-01-31,0.9093,1.23519312,0.0099616564417177,1.44178608,0.94867269,0.9100280224179343,0.76353921,0.1431224717863157,0.1662948061448427,14.28,0.23,2.66,0.51228,1.86,0.29182,1.16,3.0,-0.1,0.96,0.2049
2013-02-28,0.9336,1.22105544,0.0101082719792117,1.41832512,0.95609976,0.9076414544040444,0.77358096,0.1447038035896959,0.1631911062944641,15.51,0.22,2.66,0.50988,1.9005,0.26909,1.16,2.94,-0.014516,0.98,0.2234
2013-03-31,0.949,1.2162384,0.0100785896346644,1.4418157,0.9878141,0.9327698053862786,0.793364,0.1453737745098039,0.1623721041645279,12.7,0.21,2.64,0.50688,1.848947,0.25,1.16,3.05,-0.05,0.97,0.2061
2013-04-30,0.9298,1.22436064,0.0095344544708777,1.44481622,0.9643885599999998,0.9231532962668784,0.7977683999999999,0.1434500208278692,0.1612164927003502,13.52,0.2,2.65,0.50557,1.821429,0.22818,1.16,3.02,-0.075,0.95,0.2089
2013-05-31,0.9583,1.24464004,0.0095041158385401,1.45517855,0.92073464,0.927058140659766,0.76405259,0.1447124024101116,0.1634682633096225,16.3,0.2,2.64,0.50563,1.763684,0.22818,1.16,2.82,-0.021428,0.92,0.2012
2013-06-30,0.945,1.229445,0.0095252494708194,1.437345,0.8660924999999999,0.8988870921715971,0.7328475,0.1403785020351169,0.1551647702083641,16.86,0.19,2.64,0.50794,1.7335,0.22818,1.162,2.8,-0.075,0.92,0.2103
2013-07-31,0.9284,1.23310088,0.0094397559735638,1.40903268,0.83156788,0.9024982988237582,0.73817084,0.142209423442191,0.1572493224932249,13.45,0.14,2.64,0.50944,1.688261,0.228,1.167273,2.76,-0.08,0.93,0.2214
2013-08-31,0.9313,1.22894348,0.0094817756057829,1.44053484,0.8289501300000001,0.8824142505211295,0.71980177,0.140387108444632,0.1519720631190744,17.01,0.12,2.64,0.51262,1.723182,0.228,1.17,2.6,-0.051667,0.93,0.2259
2013-09-30,0.9041,1.22369935,0.0091982907722046,1.46274339,0.8446102200000001,0.8791326332166473,0.75248243,0.1410562446368671,0.1504200981615506,16.6,0.11,2.65,0.51688,1.713809,0.228,1.168,2.58,-0.051875,0.89,0.2232
2013-10-31,0.9056,1.2310726399999998,0.0092313965341488,1.45511808,0.85769376,0.8683478761146802,0.74956512,0.1399863970815556,0.1522630977200887,13.75,0.12,2.67,0.51663,1.685217,0.221,1.166818,2.58,0.000468,0.92,0.2258
2013-11-30,0.9047,1.23093482,0.0088306490971205,1.48126531,0.82553875,0.8537321883551947,0.7379637899999999,0.1381748759068346,0.1479234793982995,13.7,0.12,2.66,0.52344,1.663333,0.22,1.17,2.58,-0.015,0.92,0.2234
2013-12-31,0.8904,1.22688216,0.0084598574821852,1.47574896,0.79503816,0.8370781235310707,0.7327101599999999,0.1385750303483051,0.1467926208022157,13.72,0.14,2.73,0.52474,1.658947,0.22,1.169,2.6,-0.05,0.82,0.2735
2014-01-31,0.9052,1.22202,0.0088502150958154,1.489054,0.7914163599999999,0.8143216984526809,0.7323068,0.1383843943007399,0.1442136120316084,18.41,0.12,2.88,0.52093,1.649091,0.22,1.17,2.62,-0.051667,0.73,0.292
2014-02-28,0.881,1.2163086,0.0086304858934169,1.475675,0.7869973,0.7954853273137698,0.739159,0.1374222028108378,0.1469852180586606,14.0,0.13,2.93,0.52153,1.699,0.212,1.17,2.63,-0.051121,0.73,0.2881
2014-03-31,0.884,1.2178868,0.0085841911050689,1.47407,0.81991,0.7997828643807111,0.7676656,0.1365250965250965,0.1476039405576891,13.88,0.12,3.05,0.52157,1.707619,0.212,1.17,2.65,-0.0275,0.73,0.3053
2014-04-30,0.88,1.22056,0.0086156256119052,1.485704,0.816816,0.8032128514056226,0.75724,0.1352826330919768,0.1479911877974538,13.41,0.12,3.24,0.52665,1.752105,0.212,1.17,2.68,-0.056154,0.7,0.3297
2014-05-31,0.8944,1.2199616,0.0087884445317873,1.4993721599999998,0.83161312,0.8230422379681605,0.7588984,0.1337820656644978,0.1495577144959283,11.4,0.11,3.38,0.52744,1.819,0.21,1.177619,2.69,-0.029512,0.66,0.3246
2014-06-30,0.8868,1.2140292,0.0087559241706161,1.5168714,0.83598636,0.830648182840015,0.7763934,0.132607590393875,0.1446443425924415,11.57,0.11,3.52,0.54394,1.804,0.21,1.174286,2.7,0.02,0.58,0.2414
2014-07-31,0.9086,1.2166154,0.0088428223844282,1.53453454,0.84508886,0.8344200569381945,0.7714013999999999,0.1317613619884567,0.1445664280031821,16.95,0.13,3.67,0.55641,1.715217,0.21,1.17,2.65,0.05,0.26,0.205
2014-08-31,0.9174,1.206381,0.0088211538461538,1.5215079,0.85721856,0.8449069810278135,0.76758858,0.1315212248935529,0.1483409869995472,11.98,0.13,3.69,0.56119,1.722381,0.21,1.17,2.63,0.05,0.22,0.1916
2014-09-30,0.9554,1.20647912,0.0087123837315338,1.5496588000000002,0.8347329800000001,0.852502899973231,0.74406552,0.1324167371207606,0.1484208727532584,16.31,0.12,3.71,0.56291,1.700909,0.21,1.17,2.66,0.04,0.19,0.0971
2014-10-31,0.9623,1.2057619,0.0085850655723079,1.53958377,0.8459579300000001,0.8537083037615331,0.7486694,0.1300915223533547,0.1425819738928153,14.03,0.12,3.68,0.55836,1.625652,0.192,1.17,2.72,0.03,0.14,0.0826
2014-11-30,0.9658,1.20126204,0.0081364785172704,1.51031804,0.82324792,0.8452651846665499,0.7571872000000001,0.1295610646061386,0.1378493334475179,13.33,0.13,3.67,0.55628,1.659,0.182,1.175263,2.75,0.04,0.05,0.0809
2014-12-31,0.9934,1.20211334,0.0082886942010846,1.54751852,0.81190582,0.8563054909059564,0.77445464,0.1269601891494664,0.1327790846877673,19.2,0.15,3.67,0.55818,1.5345,0.179,1.188571,2.75,0.03,0.06,0.0809
2015-01-31,0.921,1.039809,0.007842302452316,1.3838946,0.7148802000000001,0.7242843661528783,0.6675408,0.1113233089977276,0.1188417765619758,20.97,0.16,3.67,0.5626,1.388095,0.173,1.122857,2.7,-0.65,0.11,0.0627
2015-02-28,0.9513,1.06517061,0.0079460407617774,1.46871207,0.7429653,0.7606748760594915,0.7188974100000001,0.1138531506193525,0.124159803704042,13.34,0.15,3.63,0.56363,1.38,0.171,0.8863158,2.36,-0.7,-0.02,0.0482
2015-03-31,0.9712,1.04316592,0.0080960320106702,1.442232,0.7405399999999999,0.7658701995110795,0.7269432,0.1125794037186442,0.1206264826798156,15.29,0.14,3.63,0.56436,1.38,0.17,0.8936363,2.3,-0.82,-0.11,0.0272
2015-04-30,0.941,1.0503442,0.0078508259636242,1.4423647999999998,0.7402846999999999,0.7766589633542422,0.7143130999999999,0.1123206569743846,0.1243393234672304,14.55,0.13,3.63,0.5695,1.47,0.17,0.8961905,2.25,-0.8,-0.26,0.0047
2015-05-31,0.9404,1.03387576,0.0075850943700596,1.43749544,0.72025236,0.7543718915450025,0.6687184399999999,0.1103173206639685,0.1208041621170274,13.84,0.15,3.53,0.56798,1.49,0.169,0.89,2.15,-0.8,-0.27,-0.0104
2015-06-30,0.9346,1.04245284,0.0076543816543816,1.46984542,0.72001584,0.7492984847270103,0.63347188,0.1126879438610029,0.1189451981571512,18.23,0.18,3.33,0.57188,1.35,0.169,0.89,2.15,-0.75,-0.32,-0.0139
2015-07-31,0.9636,1.06265808,0.0077747297079231,1.5064922399999998,0.70651152,0.7385605886410669,0.638385,0.1121443118999127,0.1184278445542364,12.12,0.19,3.13,0.58084,1.27,0.169,0.7404546,2.14,-0.775,-0.48,-0.0187
2015-08-31,0.9681,1.08369114,0.0079836714497773,1.48729203,0.6873509999999999,0.7321334039174165,0.6146466899999999,0.1142368281314531,0.1163260156447135,28.43,0.26,2.95,0.5867,1.2,0.169,0.61,2.14,-0.75,-0.46,-0.0277
2015-09-30,0.9773,1.09086226,0.0081570820465737,1.47728668,0.6860645999999999,0.7295461331740818,0.6244947,0.1164672514062351,0.1146271947829554,24.5,0.27,2.85,0.58576,1.16,0.169,0.6519048,2.17,-0.749231,-0.48,-0.037
2015-10-31,0.9858,1.0885203600000002,0.0081673570836785,1.5225681,0.70317114,0.7535545023696683,0.66699228,0.1160829938060808,0.1164656262183523,15.07,0.25,2.86,0.58006,1.11,0.169,0.7147619,2.15,-0.74,-0.44,-0.0536
2015-11-30,1.0282,1.08598484,0.008344424606395,1.54682408,0.7439027,0.7712271227122712,0.67593868,0.1179047313258262,0.1184043851769962,16.13,0.3,2.89,0.57371,1.15,0.169,0.7585,2.22,-0.5,-0.36,-0.0876
2015-12-31,1.0017,1.08774603,0.0083287602893489,1.47710682,0.7298386200000001,0.7238239757207892,0.6853631400000001,0.1185654258152335,0.1131327505590567,18.21,0.54,2.79,0.58277,1.14,0.169,0.8171428,2.34,-0.734616,-0.38,-0.1263
2016-01-31,1.0226,1.1076803199999998,0.0084477488641057,1.45045584,0.7230804599999999,0.7265880346738667,0.66151994,0.1193106908259342,0.117444384467848,20.2,0.57,2.73,0.58976,1.16,0.169,0.7965,2.3,-0.761746,-0.46,-0.1461
2016-02-29,0.996,1.0824528,0.0088219663418954,1.3870296,0.7123392,0.7365774293743529,0.6574596,0.1162071661085766,0.1145894453456666,20.55,0.54,2.62,0.59073,1.09,0.098,0.799,2.28,-1.15,-0.5,-0.1836
2016-03-31,0.9583,1.0915037,0.0085242839352428,1.37813123,0.7356869100000001,0.7389158763204565,0.6637185800000001,0.1183641708455818,0.1161294231701405,13.95,0.55,2.43,0.58825,1.02,0.098,0.8,2.31,-0.773334,-0.59,-0.2285
2016-04-30,0.9598,1.09810718,0.008978484565014,1.4037075,0.7305997599999999,0.7648418200653438,0.67032432,0.1195759153824112,0.1190183896928437,15.7,0.55,2.34,0.5889,0.98,0.06,0.8361905,2.26,-0.7675,-0.59,-0.2492
2016-05-31,0.9934,1.1061508999999998,0.0089697516930022,1.4434102,0.7194202799999999,0.7584943116744292,0.6724324599999999,0.1191698656429942,0.1187169865436554,14.19,0.57,2.38,0.58929,0.98,0.06,0.8366666,2.0,-0.75,-0.6,-0.2572
2016-06-30,0.9792,1.08025344,0.0095280723946677,1.29665664,0.72774144,0.752651806302844,0.6971904,0.1151620642611845,0.1166672623941094,15.63,0.55,2.37,0.57468,1.02,0.059,0.8277273,1.99,-0.78,-0.63,-0.2679
2016-07-31,0.969,1.0821792,0.0094702892885066,1.285863,0.7363431,0.7430981595092024,0.6992304,0.1133293568646714,0.1150148367952522,11.87,0.62,2.37,0.5136,1.01,0.058,0.8105,1.93,-0.77,-0.67,-0.2945
2016-08-31,0.983,1.0956518,0.0095086090152834,1.2905807,0.7391177,0.7491236092059137,0.7133631,0.1147171748999288,0.1178120280927155,13.42,0.73,2.24,0.40613,1.08,0.058,0.82,1.76,-0.75,-0.74,-0.2982
2016-09-30,0.9694,1.08941172,0.0095781049303428,1.2616741000000002,0.7432389800000001,0.7391536408692336,0.7066926,0.1130812122343279,0.1213312139379451,13.29,0.75,2.23,0.37907,1.09,0.056,0.8109524,1.73,-0.75,-0.75,-0.3016
2016-10-31,0.989,1.0841418,0.0094127724374226,1.2077668,0.7527279,0.7378945012310676,0.7077284,0.1096367244227166,0.119877334820184,17.06,0.72,2.15,0.3975,1.11,0.056,0.816,1.74,-0.8,-0.75,-0.309
2016-11-30,1.0187,1.07758086,0.0089093930383068,1.27143947,0.75251369,0.7588081936685288,0.7213414699999999,0.1100726109694428,0.1195334592774251,13.33,0.71,2.07,0.39773,1.1,0.056,0.82,1.76,-0.76,-0.79,-0.3127
2016-12-31,1.016,1.0720832,0.0087001198835417,1.2534392,0.734568,0.7567406524653657,0.7069328,0.111890576302545,0.1179927299754956,14.04,0.87,2.03,0.37226,1.16,0.056,0.823,1.78,-0.84,-0.79,-0.3158
2017-01-31,0.9888,1.0673107199999998,0.0087721788502484,1.2444048,0.74970816,0.7588641596316194,0.72469152,0.1129734361610968,0.1199359565280675,11.99,0.9,1.98,0.3621,1.08,0.056,0.872381,1.78,-0.83,-0.77,-0.3255
2017-02-28,1.0022,1.06413596,0.0089434231661609,1.24543394,0.7702909199999999,0.7565486525251001,0.72449038,0.1112344336167284,0.11978438332915,12.92,0.87,2.02,0.35674,1.02,0.056,0.8768421,1.78,-0.816667,-0.69,-0.3286
2017-03-31,0.9998,1.06958604,0.0089740597791939,1.25344926,0.7636472400000001,0.7505442534344269,0.6999599799999999,0.1118982864945326,0.1165865945239983,12.37,0.98,1.98,0.34567,0.96,0.056,0.8456522,1.79,-0.815833,-0.63,-0.3293
2017-04-30,0.9944,1.0833988,0.0089231873653984,1.28655472,0.743314,0.7274855512473479,0.6821584,0.112190443955548,0.1159974803443529,10.82,1.03,1.97,0.33513,0.98,0.056,0.8431579,1.77,-0.81,-0.63,-0.3304
2017-05-31,0.9684,1.08809424,0.0087471773100894,1.2497202,0.7201990800000001,0.7174396206845458,0.687564,0.1115822463935106,0.1147923803653347,10.41,1.05,1.98,0.31081,0.9,0.056,0.7977273,1.73,-0.815,-0.62,-0.3295
2017-06-30,0.9586,1.09385846,0.0085284697508896,1.2457007000000002,0.73582136,0.7384070251116931,0.70188692,0.1135781990521327,0.1144173499958224,11.18,1.16,1.95,0.29442,0.87,0.056,0.8286363,1.72,-0.82,-0.67,-0.33
2017-07-31,0.965,1.141209,0.0087425258198949,1.273414,0.7708419999999999,0.7726180944755804,0.7240395,0.1195016841688131,0.1222726236030511,10.26,1.22,1.96,0.2931,0.84,0.075,1.123,1.7,-0.75,-0.75,-0.3304
2017-08-31,0.961,1.1430134,0.0087316009449391,1.2385368,0.7622652,0.7678785457451058,0.6890369999999999,0.1208045254556882,0.123644223717561,10.59,1.25,1.95,0.28119,0.8,0.056,1.198636,1.7,-0.915,-0.73,-0.3291
2017-09-30,0.9688,1.14444344,0.0086008522727272,1.29838576,0.7595392,0.7744823726916621,0.6999580000000001,0.1188157668816993,0.1216642178100943,9.51,1.25,1.95,0.30911,0.8,0.056,1.321,1.72,-0.8775,-0.71,-0.3294
2017-10-31,0.9968,1.16107264,0.00877233125055,1.3238500800000002,0.7643462400000001,0.773072747014115,0.6828080000000001,0.1192173372243218,0.1221059852512433,10.18,1.26,1.94,0.38187,0.82,0.063,1.329048,1.7,-0.775,-0.68,-0.3295
2017-11-30,0.9838,1.17052524,0.008760463045414,1.32872028,0.74493336,0.7635827382800373,0.673903,0.1176808335027931,0.1186316005257509,11.28,1.32,1.93,0.51857,0.78,0.063,1.328095,1.72,-0.83,-0.71,-0.329
2017-12-31,0.9738,1.17070236,0.0086414056260537,1.31745402,0.7610247,0.7779819445554046,0.691398,0.1191454999265893,0.1190188098119018,11.04,1.54,1.88,0.51871,0.83,0.063,1.372105,1.77,-0.775,-0.75,-0.3279
2018-01-31,0.9321,1.15841388,0.008527124691245,1.3226499,0.75211149,0.7582363946961685,0.68714412,0.1183829506197927,0.121022085459432,13.54,1.63,1.88,0.5225,0.84,0.068,1.552727,1.79,-0.76,-0.69,-0.3285
2018-02-28,0.943,1.1514973,0.008844494466329,1.3007742,0.7356343,0.7363735748867718,0.6815061,0.1140348755653372,0.1196730881494454,19.85,1.78,1.91,0.54683,0.93,0.068,1.547895,1.77,-0.785,-0.66,-0.3285
2018-03-31,0.9532,1.1743424,0.0089755178907721,1.3370536400000002,0.7330108000000001,0.7394306105034522,0.6900214800000001,0.1139932312034346,0.1213989148984946,19.97,2.08,1.93,0.62842,1.07,0.097,1.59619,1.93,-0.775,-0.66,-0.3279
2018-04-30,0.9911,1.19665414,0.0090693631039531,1.36286161,0.74758673,0.773209549071618,0.6980317300000001,0.1131005363460002,0.1235292651311197,15.93,2.2,2.01,0.75629,1.14,0.097,1.639048,2.06,-0.77,-0.66,-0.3285
2018-05-31,0.9844,1.1487948,0.0090536190563781,1.30816916,0.7451908,0.7589822667694681,0.68947376,0.1115682341074201,0.1202702537599726,15.43,2.16,2.02,0.64355,1.07,0.078,1.65,1.96,-0.77,-0.7,-0.3252
2018-06-30,0.9922,1.15859194,0.0089621533736789,1.30940634,0.7341287799999999,0.7550989345509893,0.6720170599999999,0.110846711577348,0.1217752031223152,16.09,2.19,2.01,0.63868,1.01,0.078,1.65,2.07,-0.77048,-0.69,-0.322
2018-07-31,0.9895,1.1583087,0.0088442974615659,1.29871875,0.7359901000000001,0.7601597910424829,0.6740474000000001,0.1126274813330905,0.1214617140893133,12.83,2.17,1.94,0.74619,1.04,0.091,1.796191,2.02,-0.77,-0.67,-0.3207
2018-08-31,0.9698,1.12458008,0.0087385114435033,1.25724872,0.6974801599999999,0.741891064871481,0.64142572,0.105912675010375,0.1156285768790538,12.86,2.19,1.91,0.80519,1.04,0.091,1.842727,1.96,-0.835,-0.68,-0.319
2018-09-30,0.9758,1.1340747599999998,0.0085988720479379,1.27371174,0.70628404,0.7551462621885157,0.6474432999999999,0.1099121423744086,0.1199847529110873,12.12,2.24,1.9,0.80093,1.09,0.05,1.874737,1.93,-0.8,-0.73,-0.3188
2018-10-31,1.0057,1.13965924,0.0089110402268297,1.28518403,0.7130413,0.7660141671109758,0.6567221000000001,0.1099582340206861,0.1195838287752675,21.23,2.37,1.89,0.80618,1.09,0.05,2.013182,1.93,-0.8,-0.7,-0.3177
2018-11-30,0.9987,1.13082801,0.0087960190241324,1.27553964,0.73014957,0.751919891582593,0.6871056,0.1097689652898375,0.1163010061486864,18.07,2.56,1.98,0.87483,1.2,0.05,2.131905,1.94,-0.8,-0.73,-0.3164
2018-12-31,0.9832,1.12635392,0.0089626253418413,1.25485816,0.6927627199999999,0.7206097918498974,0.65982552,0.1109030613395898,0.1136397785457529,25.42,2.69,1.98,0.90444,1.28,0.05,2.192631,2.02,-0.78,-0.66,-0.3119
2019-01-31,0.9938,1.13829852,0.0091308342521131,1.3053563,0.7236851599999999,0.7563165905631659,0.6880077400000001,0.1098546399159896,0.1178060432200476,16.57,2.59,1.91,0.91822,1.26,0.03,2.142984,2.07,-0.77,-0.44,-0.308
2019-02-28,0.9974,1.1349414599999998,0.0089549290716466,1.32394876,0.7080542599999999,0.7575573446756797,0.67902992,0.1080126920869386,0.1166031471392831,14.7,2.49,1.9,0.87598,1.27,0.03,1.988763,1.96,-0.78,-0.4,-0.3084
2019-03-31,0.9962,1.11853336,0.0090007228044813,1.29824784,0.70770048,0.7456586826347305,0.6794084,0.107177054083422,0.115274242073594,13.71,2.48,1.88,0.84,1.34,0.05,1.862238,1.83,-0.78,-0.4,-0.3092
2019-04-30,1.02,1.142502,0.0091561938958707,1.32906,0.7180799999999999,0.7596633648618455,0.6803400000000001,0.1073221030923496,0.1180091167827475,13.12,2.47,1.81,0.82,1.4,0.05,1.863494,1.68,-0.77889,-0.3995,-0.3105
2019-05-31,1.0034,1.1186906600000002,0.0092343088533038,1.2662908000000002,0.6953562,0.7419951194261628,0.6547185,0.1054767160727425,0.1145970145844516,18.71,2.44,1.72,0.8,1.46,0.049,1.87211,1.54,-0.79,-0.3995,-0.3119
2019-06-30,0.9758,1.10987492,0.009048590504451,1.23965632,0.6839382199999999,0.7453976014055458,0.65485938,0.1050727368659079,0.1144150270853363,15.08,2.3,1.6,0.78,1.51,0.049,1.842199,1.29,-0.83,-0.3994,-0.3289
2019-07-31,0.9902,1.1020926,0.0091195431939583,1.2100244,0.68204976,0.753404854295062,0.65333396,0.1032221747333965,0.1127687682215743,16.12,2.22,1.55,0.77,1.57,0.049,1.839895,1.11,-0.75,-0.4,-0.3649
2019-08-31,0.9899,1.08780111,0.0093123236124176,1.20431234,0.6662027,0.7448457486832205,0.62353801,0.1007255003713992,0.1085511887007632,18.98,2.06,1.25,0.76,1.61,0.009,1.840029,0.98,-0.68,-0.4278,-0.4077
2019-09-30,0.9978,1.0881009,0.0092294884839515,1.2277929,0.67311588,0.753454655289587,0.62482236,0.1014983673593945,0.1098487350551555,16.24,2.03,1.15,0.77,1.7,0.009,1.832785,0.98,-0.72,-0.4094,-0.4176
2019-10-31,0.9868,1.1007753999999998,0.0091294291793875,1.27682052,0.67970784,0.7507608034083992,0.63293352,0.1024352772645172,0.1074734801455052,13.22,1.88,1.05,0.78,1.81,0.009,1.844795,0.88,-0.72,-0.4333,-0.4129
2019-11-30,1.0001,1.10201019,0.0091358363021832,1.29402939,0.6762676200000001,0.7524640734331502,0.64196419,0.1045036572622779,0.108522505317071,12.62,1.77,1.18,0.79,1.85,0.018,1.845125,0.91,-0.72,-0.4717,-0.4013
2019-12-31,0.9677,1.08643679,0.0089049415662096,1.28404113,0.6802931,0.7465668878259528,0.65271365,0.1035804120952635,0.1101875362945925,13.78,1.76,1.23,0.79,1.85,0.021,1.90931,0.9,-0.70579,-0.455,-0.3947
2020-01-31,0.9645,1.0688589000000002,0.0088894009216589,1.27265775,0.6461185500000001,0.7295763993948563,0.6236457,0.1001006714892115,0.1048540522911344,18.84,1.65,1.27,0.74,1.83,0.021,1.912474,0.89,-0.635,-0.1749,-0.3911
2020-02-29,0.9671,1.06390671,0.0089446910839807,1.23576038,0.6281314499999999,0.721124450078294,0.60269672,0.099904960641309,0.1023483718026055,40.11,1.59,1.18,0.75,1.75,0.021,1.802298,0.89,-0.66,-0.1499,-0.4088
2020-03-31,0.9627,1.06051032,0.0089528503673393,1.19894658,0.59100153,0.681654039510019,0.57367293,0.0971002067678652,0.0925148233213849,53.54,1.35,0.71,0.53,1.39,0.006,1.268552,0.53,-0.67,-0.1529,-0.4166
2020-04-30,0.9669,1.05720846,0.0090415186085655,1.21848738,0.63070887,0.6950614621522536,0.5946435,0.0989145891090628,0.094282956130001,34.15,,0.39,0.65,0.76,-0.039,0.4828462,0.17,-0.67,-0.1704,-0.254
2020-05-31,0.9618,1.06827126,0.0089245615662986,1.1849376,0.63882756,0.696502281121008,0.59506566,0.1020499108734402,0.0988428257250323,27.51,0.17,0.26,0.33,0.3,-0.042,0.3459205,0.1,-0.705,-0.1393,-0.272
2020-06-30,0.9467,1.06380679,0.0087844483622529,1.1709732300000002,0.65256031,0.6953871015131482,0.61024282,0.1017180432143202,0.0980254097766548,30.43,0.2,0.28,0.19,0.34,-0.042,0.3055641,0.1,-0.70917,-0.08471,-0.376
2020-07-31,0.9113,1.07733886,0.0086150501039894,1.19681029,0.65239967,0.6808876270173341,0.60546772,0.1041640472298741,0.1002651586000506,24.46,0.18,0.3,0.1,0.32,-0.065,0.2829986,0.1,-0.7,-0.08452,-0.4441
2020-08-31,0.9012,1.076934,0.0085147392290249,1.205355,0.66580656,0.6914224336351082,0.60858036,0.1044881679787591,0.1035350344082809,26.41,0.15,0.29,0.07,0.25,-0.065,0.25565,0.1,-0.73,-0.1192,-0.4797
2020-09-30,0.9188,1.0771092399999995,0.0087024057586664,1.18718148,0.6578607999999999,0.6896344667117015,0.60714304,0.102513751436509,0.0980932248628104,26.37,0.13,0.3,0.06,0.27,-0.055,0.2514162,0.09,-0.7,-0.1307,-0.4914
2020-10-31,0.9165,1.06744755,0.008766979146738,1.18530945,0.64365795,0.6874437443744374,0.6058065,0.1029671156849307,0.0958511561751571,38.02,0.12,0.27,0.05,0.33,-0.055,0.2452181,0.07,-0.72,-0.1285,-0.5091
2020-11-30,0.906,1.0824888,0.0086798237210193,1.2084228,0.6660006,0.6978893853027268,0.6357402,0.1058708048985696,0.102048861806017,20.57,0.16,0.27,0.04,0.36,-0.055,0.237422,0.02,-0.7,-0.1245,-0.5209
2020-12-31,0.8841,1.0812543,0.0085676906677003,1.20785742,0.6815526900000001,0.6932486473770877,0.63602154,0.1076923076923076,0.1030936250102032,22.75,0.17,0.26,0.03,0.49,-0.055,0.235101,0.02,-0.72,-0.1826,-0.5381
2021-01-31,0.8905,1.08062175,0.0085101299694189,1.22203315,0.68221205,0.6970100187852222,0.64116,0.1068296603764531,0.1042081119666721,33.09,0.14,0.28,0.03,0.48,-0.055,0.1978955,0.01,-0.739,-0.1504,-0.5472
2021-02-28,0.9092,1.09949556,0.0085258814703675,1.26806124,0.7019024,0.7160182705937943,0.65907908,0.1079668926862286,0.1050928173474813,27.95,0.11,0.28,0.05,0.45,-0.055,0.1783747,0.01,-0.73,-0.1313,-0.5411
2021-03-31,0.9418,1.10595574,0.0085146008498327,1.2992131,0.71699234,0.7491846312942486,0.6582240199999999,0.1080231691231289,0.1103766729953355,19.4,0.1,0.33,0.08,0.38,-0.065,0.1873117,0.03,-0.73,-0.1597,-0.5391
2021-04-30,0.9127,1.0979781,0.0083481203695234,1.26299426,0.7042393199999999,0.7425758685216824,0.6543146299999999,0.1080079997159864,0.1099227999181028,18.61,0.11,0.34,0.09,0.3,-0.065,0.1818125,0.04,-0.73,-0.1467,-0.5382
2021-05-31,0.8995,1.0968503,0.0081899298916507,1.2762106,0.6931546999999999,0.7441879705468685,0.6523173999999999,0.1083486912634457,0.1077632682400862,16.76,0.1,0.35,0.08,0.24,-0.065,0.182691,0.04,-0.73,-0.1519,-0.5401
2021-06-30,0.9253,1.09629544,0.0083322827555155,1.27746918,0.6936048800000001,0.7459690422444373,0.64567434,0.108084430375311,0.1074007010701766,15.83,0.09,0.33,0.08,0.2,-0.072,0.1855759,0.03,-0.73,-0.1588,-0.5429
2021-07-31,0.9061,1.07499704,0.0082597994530537,1.26065693,0.6660741099999999,0.7268570511792075,0.63263902,0.1054683862557035,0.1026695673850477,18.24,0.1,0.4,0.08,0.32,-0.072,0.2037867,0.02,-0.725,-0.1551,-0.5448
2021-08-31,0.9161,1.080998,0.0083243980009086,1.25936267,0.6693942700000001,0.7253939345949799,0.6451176200000001,0.1061222125687807,0.1053557669085598,16.48,0.1,0.54,0.07,0.42,-0.072,0.21185,0.01,-0.88,-0.1621,-0.5476
2021-09-30,0.9339,1.08117603,0.0083757847533632,1.2579633,0.67502292,0.7369210131776216,0.64429761,0.1066083720505473,0.1068511018054506,23.14,0.1,0.57,0.07,0.67,-0.072,0.2215805,0.01,-0.76,-0.1708,-0.545
2021-10-31,0.9165,1.0587408,0.0080373585898447,1.2543219,0.6882915,0.7392917641364846,0.6560307,0.1066565809379727,0.108403808622627,16.26,0.11,0.7,0.16,0.74,-0.072,0.2301405,0.04,-0.72,-0.2134,-0.5498
2021-11-30,0.9217,1.04032279,0.0081407878466702,1.22143684,0.6533009599999999,0.7194036840462067,0.62629515,0.1015513100196117,0.1011534367146259,27.19,0.14,0.83,0.13,0.83,-0.072,0.2593452,0.04,-0.68,-0.3471,-0.5674
2021-12-31,0.9146,1.03514428,0.0079413041590692,1.23471,0.6639995999999999,0.7158174845425374,0.6254949399999999,0.1010630069172799,0.1038421363368,17.22,0.17,0.91,0.16,1.02,-0.049,0.2705824,0.06,-0.718,-0.3847,-0.582
2022-01-31,0.9303,1.04305236,0.0080741190765492,1.25023017,0.65716392,0.7328659209075153,0.61204437,0.099666813083211,0.1044494593957357,24.83,0.22,1.03,0.53,1.1,-0.049,0.4571955,0.07,-0.72,-0.1602,-0.5601
2022-02-28,0.9179,1.03025096,0.007974111719225,1.2317300100000002,0.66648719,0.7249249723582373,0.62178546,0.0971518083000815,0.1041399575679876,30.15,0.38,1.21,0.81,1.17,-0.049,0.6209837,0.07,-0.55,-0.1435,-0.5315
2022-03-31,0.9211,1.02177623,0.007584815546772,1.21143072,0.69073289,0.7379426373978529,0.63979606,0.098546042003231,0.1051640083574046,20.56,0.73,1.49,0.99,1.32,-0.049,0.8757348,0.17,-0.695,-0.2249,-0.4954
2022-04-30,0.9723,1.02451251,0.0074884473197781,1.22169495,0.69043023,0.7594907045774099,0.62966148,0.0992031506667619,0.1042122186495176,33.4,0.91,1.81,1.13,1.27,-0.049,1.34664,0.41,-0.685,-0.09853,-0.4479
2022-05-31,0.957,1.0269567,0.00744573251381,1.2081168,0.6878915999999999,0.7571801566579635,0.623964,0.0980121055704058,0.1022359438930849,26.19,1.33,2.22,1.31,1.24,-0.049,1.781894,1.0,-0.69,0.3131,-0.3857
2022-06-30,0.955,0.9997895,0.0070381015550151,1.161471,0.6594274999999999,0.7419780902804755,0.5963975,0.09326171875,0.0968353596090082,28.71,1.87,2.68,1.57,1.68,0.005,2.247345,1.6,-0.4,0.5147,-0.2392
2022-07-31,0.9513,0.97051626,0.0071392120075046,1.15896879,0.6644830500000001,0.7431450667916569,0.59732127,0.0933828076685219,0.0983479447522951,21.33,2.5,3.03,1.84,2.24,-0.031,3.030118,2.07,-0.11,0.7801,0.0366
2022-08-31,0.9748,0.9811362,0.007028624990987,1.13534956,0.66929768,0.7446337178214041,0.59813728,0.091717396008769,0.0984338237521584,25.87,2.76,3.31,2.23,2.6,-0.02,3.382213,2.31,0.06,1.1317,0.3947
2022-09-30,0.9845,0.96313635,0.0068032616958054,1.0961423,0.63372265,0.7158958696916813,0.5554549000000001,0.0884943820224719,0.0905545488828999,31.62,3.21,3.64,2.91,2.94,-0.016,3.791927,2.76,0.45,1.5096,1.0109
2022-10-31,1.0006,0.9890931,0.0067321536701877,1.1521909,0.6397836399999999,0.733631497910404,0.5813485999999999,0.0905831869783273,0.0962541123958674,25.88,3.85,4.0,3.39,3.33,-0.016,4.230834,2.95,0.54,1.6029,1.4277
2022-11-30,0.9486,0.97923978,0.0068092742803818,1.13471532,0.6371746199999999,0.7006943418525632,0.59135724,0.0893380171593788,0.0954325955734406,20.58,4.46,4.24,3.52,3.51,-0.016,4.378058,3.06,0.54,1.6791,1.8252
2022-12-31,0.9241,0.98860218,0.0070108489492451,1.11603557,0.62885005,0.6828997930830624,0.58606422,0.0887133161173884,0.0939221465596097,21.67,4.51,4.53,3.78,3.26,-0.015,4.553019,3.17,0.74,2.0206,2.0635
2023-01-31,0.9186,0.99741588,0.0070569255588845,1.13208264,0.647613,0.6889672241806045,0.5939667599999999,0.0877732762574529,0.091824188566459,19.4,4.61,4.81,4.01,3.27,-0.006,4.762475,3.32,0.99,2.657,2.3449
2023-02-28,0.9376,0.99404352,0.0068895583804835,1.13383968,0.63231744,0.6886016451233843,0.58074944,0.0898549057941847,0.0906603235382279,20.7,4.74,5.01,4.21,3.25,0.001,4.688829,3.46,1.0,3.0353,2.6403
2023-03-31,0.9129,0.99250488,0.006876836158192,1.12916601,0.61200816,0.6749722735674677,0.57247959,0.0882344412978552,0.0874048542294987,18.7,4.91,5.15,4.33,3.69,-0.008,4.776983,3.64,1.36,3.2489,2.9106
2023-04-30,0.8911,0.9837744,0.0065526876976248,1.12118202,0.58964087,0.6575413223140496,0.55132357,0.0869705250829592,0.0837185268695979,15.78,5.03,5.49,4.52,3.74,-0.001,4.799086,3.66,1.45,3.4136,3.167
2023-05-31,0.9129,0.97260366,0.0065309772499642,1.13163084,0.59092017,0.6718428024727702,0.5472835500000001,0.0838130388079433,0.0817388189998657,17.94,5.15,5.67,4.73,3.94,-0.019,4.78852,3.9,1.45,3.5012,3.3664
2023-06-30,0.8947,0.9770124,0.0061929812417803,1.13707423,0.59613861,0.6761638452237002,0.54871951,0.0829793548626439,0.083532509243007,13.59,5.22,5.68,5.09,4.37,-0.003,5.021803,4.25,1.45,3.5381,3.5359
2023-07-31,0.8688,0.9574176,0.0061105640737093,1.11701616,0.5847024000000001,0.6601823708206687,0.5403936,0.0827515263503795,0.0859236695578214,13.63,5.35,5.67,5.49,4.68,-0.003,5.219326,4.3,1.72,3.7087,3.6718
2023-08-31,0.8837,0.95784243,0.0060660351455244,1.11938279,0.57157716,0.6527069946081689,0.52562476,0.0806862485505327,0.0828520532533283,13.57,5.44,5.64,5.53,4.72,-0.003,5.227468,4.15,1.77,3.7936,3.7803
2023-09-30,0.9141,0.96748344,0.0061172455330254,1.11648174,0.58968591,0.6753601773180643,0.54964833,0.0839116545494602,0.0857593185037855,17.52,5.49,5.68,5.52,4.72,0.024,5.2275,4.13,1.77,3.8267,3.88
2023-10-31,0.91,0.961688,0.0060081869800607,1.104285,0.5762120000000001,0.6557140798385935,0.5292560000000001,0.081425209602806,0.0814492597962873,18.14,5.46,5.68,5.4,4.72,-0.012,5.320693,4.21,1.77,3.9563,3.97
