date,USD,EUR,JPY,GBP,AUD,CAD,NZD,SEK,NOK,VIX
2002-04-30,1.6216,1.45976432,0.012624367458154925,2.3618604,0.8711235199999999,1.0341177220840507,0.72517952,0.1577431906614786,0.1929327781082689,21.91
2002-05-31,1.5693,1.4655692699999998,0.012642391041649883,2.2951012499999996,0.8882237999999999,1.0273649754500818,0.7516946999999999,0.16104469187746934,0.19610121836925962,19.98
2002-06-30,1.492,1.4705152000000001,0.012448894451397581,2.2745539999999997,0.8396975999999999,0.9822251481237657,0.725112,0.16205061366351686,0.19829877724614567,25.4
2002-07-31,1.4833,1.4530406800000002,0.012384570426651082,2.31765625,0.80765685,0.9361312716945409,0.6949260500000001,0.15589069889647925,0.19465879265091865,32.03
2002-08-31,1.5007,1.47158642,0.012636409565510272,2.32248332,0.8246346499999999,0.962913057427013,0.7021775299999999,0.15964893617021275,0.1991216198285699,32.64
2002-09-30,1.4758,1.45794282,0.012122556267455233,2.317006,0.80121182,0.9303410451995209,0.69333084,0.15913306016821221,0.19916329284750336,39.69
2002-10-31,1.4805,1.46288205,0.012058152793614595,2.3140215,0.8213813999999999,0.9484304932735426,0.7189308,0.16112531969309463,0.19857823083629536,31.14
2002-11-30,1.486,1.4758951999999999,0.012108865710560626,2.3111758,0.8323086000000001,0.9490356367352152,0.740028,0.1637285147642133,0.2026179438232888,27.5
2002-12-31,1.3833,1.45039005,0.011648842105263157,2.22642135,0.77810625,0.875506329113924,0.72471087,0.1590914318573893,0.1993945945945946,28.62
2003-01-31,1.3683,1.4694173700000002,0.011406302100700235,2.2505798400000003,0.8018238,0.8951328012560513,0.7443552000000001,0.15884606454608777,0.19642549526270456,31.17
2003-02-28,1.3557,1.46130903,0.011467602774488241,2.13346509,0.82358775,0.9110887096774193,0.7564806000000001,0.15940035273368605,0.1891322544642857,29.63
2003-03-31,1.3538,1.475642,0.011466079444397391,2.1376502,0.8183720999999999,0.9212657366451174,0.7497344399999999,0.15976869062370921,0.18606377130291368,29.15
2003-04-30,1.3545,1.514331,0.011375661375661377,2.1672000000000002,0.8481879,0.94482421875,0.7585200000000001,0.16578947368421054,0.19363831308077198,21.21
2003-05-31,1.3022,1.5321685200000001,0.010897071129707113,2.13469646,0.84812286,0.949679113185531,0.74993698,0.16769258505679038,0.19459927970470883,19.47
2003-06-30,1.3519,1.55495538,0.011278051222157337,2.2345555100000003,0.9075304700000001,0.9971234695382801,0.7930245400000001,0.16901919109833094,0.18712713682607796,19.52
2003-07-31,1.3736,1.5426901599999998,0.01140674306593589,2.2101224,0.8892686399999999,0.9759840841267585,0.7951770399999999,0.16710462287104622,0.1884742041712404,19.49
2003-08-31,1.4005,1.5385893000000002,0.0119998286350784,2.20900865,0.9089245000000001,1.0111913357400724,0.8101892500000001,0.16743579934006028,0.18657163791380804,18.63
2003-09-30,1.3208,1.538732,0.01185318136946962,2.1951696,0.8977477599999999,0.9778633301251203,0.7858759999999999,0.17042140847978116,0.18719616763751293,22.72
2003-10-31,1.3382,1.55351638,0.012154405086285196,2.26905192,0.94704414,1.01417203486169,0.8187107600000001,0.1712567187100077,0.18871809335777748,16.1
2003-11-30,1.2917,1.5493941500000001,0.011793116041267234,2.22417823,0.93467412,0.9956833423263702,0.82604215,0.1710634353065819,0.18928780773739742,16.32
2003-12-31,1.238,1.5595086,0.011556053393073836,2.2088396,0.930976,0.9579818927493616,0.8117565999999999,0.17206393328700487,0.1857185718571857,18.31
2004-01-31,1.2593,1.5680803600000002,0.011898148148148149,2.2938149500000002,0.96021625,0.9493403693931399,0.84436065,0.16990016189962226,0.17948717948717952,16.63
2004-02-29,1.268,1.5775188,0.011605345048508145,2.35531,0.9785156,0.9459157030958597,0.8688336000000001,0.1705906094443697,0.1799347239960267,14.55
2004-03-31,1.2677,1.55825684,0.01216836244960645,2.332568,0.9659874,0.9677099236641221,0.8430205000000001,0.16790728476821193,0.18479591836734693,16.74
2004-04-30,1.2984,1.554834,0.011764066322370209,2.30388096,0.9361463999999999,0.9469768798774707,0.81046128,0.169892051030422,0.18892688250272827,17.19
2004-05-31,1.2533,1.53115661,0.011375022690143401,2.2972989,0.89460554,0.917093516756915,0.78769905,0.16804998726182974,0.1863476864517664,15.5
2004-06-30,1.252,1.5248108,0.011441103902037831,2.2693752,0.8703904,0.9338405310658611,0.7915144,0.16637873754152824,0.18045546266935716,14.34
2004-07-31,1.2796,1.53961472,0.011487566208815872,2.32669668,0.9001986000000001,0.9623947051744887,0.8138256,0.1666037367358896,0.18256527322014554,15.32
2004-08-31,1.2641,1.54005303,0.011597247706422018,2.27929871,0.8938451099999999,0.9601245632690263,0.82975524,0.16872664175120128,0.1836073669532884,15.29
2004-09-30,1.2471,1.5485240700000003,0.011316696914700546,2.2560039,0.9033992400000002,0.9860056925996207,0.8424160500000001,0.17109342845383457,0.18538724542886875,13.34
2004-10-31,1.1988,1.5279904800000002,0.011305167861184458,2.1991986000000003,0.8952638400000001,0.9818985993938898,0.81925992,0.16890692366218615,0.18758214933967582,16.27
2004-11-30,1.1421,1.51431039,0.011084045031055898,2.1783273299999997,0.8820438299999999,0.9595866240967904,0.81580203,0.1695441117527426,0.18603704126011955,13.24
2004-12-31,1.1412,1.54495656,0.011114141020646668,2.1865392,0.8907066,0.9483131128469336,0.82200636,0.17112780601916414,0.18771589301575814,13.29
2005-01-31,1.1877,1.54982973,0.011469821342346692,2.2388145,0.9215364300000001,0.9581316553727008,0.8446922400000001,0.17020880207512287,0.18686868686868685,12.82
2005-02-28,1.1585,1.5377929,0.011112709832134294,2.2299966500000004,0.9198490000000001,0.942252948352989,0.8443148,0.16968143537165875,0.18682771855698369,12.08
2005-03-31,1.1952,1.55005488,0.01114717403469502,2.25749376,0.92377008,0.9882586406482553,0.85169952,0.16919592298980748,0.18836582559770532,14.02
2005-04-30,1.1898,1.53710262,0.011370412844036696,2.27513556,0.93208932,0.9466900063653724,0.8739081000000001,0.16728765659491301,0.18949480792508122,15.31
2005-05-31,1.2447,1.53708003,0.011528202278410669,2.2692125699999997,0.94485177,0.9948049872122761,0.8793805499999999,0.16795757543045284,0.1936613144137416,13.29
2005-06-30,1.2827,1.55181046,0.011565233071860066,2.2998811,0.97716086,1.0465894255874673,0.8926309299999999,0.16439813390751565,0.19618849512855416,12.04
2005-07-31,1.287,1.5610023,0.011465478841870824,2.2642191,0.9773477999999999,1.0500122379048706,0.8795358,0.16582059937640115,0.1986570965501273,11.57
2005-08-31,1.2546,1.5469218,0.011319018404907975,2.25978552,0.9427064399999999,1.0549062473724038,0.86968872,0.1659545761187317,0.19687720674774423,12.6
2005-09-30,1.289,1.5542761999999999,0.011377879777562008,2.2810144,0.9851827,1.1105367450676316,0.8943081999999999,0.16677448570319575,0.1973029649018077,11.92
2005-10-31,1.29,1.547355,0.011086283946373324,2.281881,0.96492,1.093591047812818,0.903387,0.1622866056938696,0.19861126079660052,15.32
2005-11-30,1.3148,1.5501492000000001,0.010987798763162294,2.27736508,0.9721631199999999,1.1266495287060838,0.9239099599999999,0.16285781526761053,0.19509444601071327,12.06
2005-12-31,1.3148,1.55698616,0.011153715643026807,2.25987824,0.9653261599999999,1.1280027453671928,0.8999806,0.165654529419176,0.19494691892533064,12.07
2006-01-31,1.2784,1.55427872,0.010937713894592745,2.2781088,0.96800448,1.1178733823015041,0.87659888,0.16814636520275159,0.1921337000465906,12.95
2006-02-28,1.3111,1.5634867499999998,0.011320151959937835,2.29953829,0.9741472999999999,1.152210211793655,0.8697837399999999,0.16563913384036183,0.19431188309571093,12.34
2006-03-31,1.3025,1.58110475,0.011086993530813756,2.26543825,0.93324125,1.1161096829477293,0.8028609999999999,0.1677333779763821,0.19897647418270697,11.39
2006-04-30,1.2411,1.5667646400000002,0.010906933825467967,2.2612842000000004,0.94236723,1.107828260287423,0.7903324800000001,0.1686758450101252,0.20133019709627709,11.59
2006-05-31,1.2159,1.5603644700000001,0.010831106360235168,2.27762388,0.91423521,1.1026571143556725,0.77404194,0.16854026031631622,0.2003559246626131,16.44
2006-06-30,1.2247,1.56504413,0.010695135796000349,2.2645927699999997,0.9090948099999999,1.098385650224215,0.74767935,0.1697788868094545,0.19683381549341045,13.08
2006-07-31,1.2311,1.57137604,0.010757602236980078,2.30031035,0.94351504,1.0886019984083475,0.7589731500000001,0.17063772575436265,0.1998798545265619,14.95
2006-08-31,1.2336,1.5781444800000002,0.010512143161482745,2.34680064,0.9412368,1.1147659497560094,0.8073912,0.1703208703816204,0.19523312126103884,12.31
2006-09-30,1.2504,1.58638248,0.010597508263412153,2.34024864,0.9329234399999999,1.1213344094700026,0.8165112,0.17099019513996197,0.19221250365086928,11.98
2006-10-31,1.2424,1.58691752,0.010635165211436398,2.3709961600000002,0.96199032,1.106617974525697,0.8332776799999999,0.17228994189513389,0.19020208205756275,11.1
2006-11-30,1.1966,1.5868112600000002,0.010355690177412377,2.3564643800000002,0.94483536,1.0484535179181635,0.8196710000000001,0.17511817476694327,0.19449952862390693,10.91
2006-12-31,1.2195,1.60937415,0.010246177113090237,2.3885126999999997,0.9614538,1.0466014418125644,0.8592597000000001,0.17844078312018963,0.1957872429238846,11.56
2007-01-31,1.247,1.6208506000000003,0.010304081969922328,2.4454917000000003,0.9651780000000001,1.0574966078697423,0.8549432,0.17903033609464059,0.19918218701082965,10.42
2007-02-28,1.2189,1.6126047000000001,0.010300853545170288,2.39062857,0.9619558800000001,1.041794871794872,0.8546926800000001,0.17417833666761934,0.19878987539956947,15.42
2007-03-31,1.2126,1.6217312399999997,0.010314732902347737,2.3870031,0.98269104,1.0516912402428447,0.8679790799999999,0.17363288801065338,0.19952611314048768,14.64
2007-04-30,1.2064,1.6479424,0.010100468854655056,2.4128,1.00444864,1.0899891579327792,0.895752,0.18012691302724898,0.2029575545498898,14.22
2007-05-31,1.2252,1.6482615600000001,0.010062417871222076,2.4255284400000003,1.0134854400000002,1.1449397252593216,0.9023598000000002,0.17707505311384428,0.2028376074036058,13.05
2007-06-30,1.224,1.654848,0.009919766593727206,2.4557112,1.0392983999999998,1.1510250141056988,0.946152,0.17880359360163608,0.20766176919683757,16.23
2007-07-31,1.2021,1.6481993099999999,0.010090657265172501,2.44795644,1.03308474,1.1280968468468466,0.9274201499999999,0.17902512398171178,0.2069517611816961,23.52
2007-08-31,1.2071,1.64660511,0.010421307087973754,2.4341171500000005,0.9846314700000001,1.1430871212121212,0.84798775,0.17539449594606377,0.20736986772032298,23.38
2007-09-30,1.1672,1.65964168,0.010152213620944595,2.37980408,1.0335556,1.1720052214077719,0.8833369600000001,0.18027646922542281,0.21576855531934558,18.0
2007-10-31,1.1589,1.6766965200000001,0.01005378676151644,2.40784653,1.07441619,1.2204085930918283,0.89154177,0.18219406363979374,0.21514099541463233,18.53
2007-11-30,1.1287,1.6578345600000002,0.010166636642046478,2.32139729,0.9986737600000001,1.127910462676127,0.86582577,0.17689558975644923,0.20427110668717763,22.87
2007-12-31,1.1329,1.65437387,0.010141437651060783,2.24801347,0.9942330400000001,1.146543872077725,0.8698406200000001,0.1754584314211374,0.20859878475418892,22.5
2008-01-31,1.0845,1.60950645,0.010160202360876898,2.15761275,0.9725796000000001,1.08255140746656,0.8550198,0.17009630164057843,0.20036581310276022,26.2
2008-02-29,1.0435,1.58476345,0.010015356560130532,2.0728084,0.9777595000000001,1.06523070641078,0.8376174500000001,0.1690809514550522,0.20043794779201324,26.54
2008-03-31,0.9921,1.56801405,0.009935903855783676,1.96981455,0.90598572,0.9655474452554743,0.7797906,0.16713274932614555,0.19519153205973203,25.61
2008-04-30,1.0422,1.6224969599999999,0.009970343442074045,2.0684543399999997,0.98164818,1.0326991676575505,0.8139582000000001,0.17396094141211818,0.2036541279921837,20.79
2008-05-31,1.0426,1.6222856,0.009886212782097477,2.06361818,0.99578726,1.0491044475749647,0.81718988,0.173885488417085,0.2049457461865073,17.83
2008-06-30,1.0202,1.60661096,0.009609117453141188,2.03081012,0.97551524,1.0016691212567501,0.77627018,0.16944592080786605,0.20043615788129432,23.95
2008-07-31,1.0489,1.6351302099999998,0.009703052728954671,2.0774513399999996,0.9875393499999999,1.022220056524705,0.7698925999999999,0.17328024846362253,0.20437230871149387,22.94
2008-08-31,1.1019,1.6163771100000002,0.010138007176373172,2.0043561000000003,0.94355697,1.0364970369673598,0.7703382900000001,0.171105141384183,0.20314890949650635,20.65
2008-09-30,1.1189,1.57552309,0.010561638663394374,1.99208956,0.88437856,1.0558648674153062,0.7485441,0.1610878359895766,0.1899983019188317,39.39
2008-10-31,1.1669,1.47986258,0.011873219373219373,1.8862938500000002,0.76712006,0.9597795690080606,0.67855235,0.1499563071861828,0.17393313359865253,59.89
2008-11-30,1.2165,1.5442251,0.012743557510999372,1.8670841999999999,0.7963208999999999,0.9842233009708737,0.669075,0.14981711597433467,0.17373359420745202,55.84
2008-12-31,1.0673,1.4855748699999998,0.011755699966956712,1.5602858699999997,0.74529559,0.8719771241830064,0.62063495,0.13549574711184462,0.153004759447216,40.0
2009-01-31,1.1612,1.48680048,0.012926639207391741,1.67363756,0.7408456,0.9391023048928427,0.59035408,0.13882147596446975,0.16790537609531797,44.84
2009-02-28,1.1672,1.47790864,0.011941886638019235,1.66629472,0.74922568,0.9183320220298978,0.5871016,0.1293439716312057,0.1656213639072566,46.35
2009-03-31,1.1395,1.51109095,0.011492687846696922,1.6294849999999999,0.78910375,0.9039346343011264,0.6486034,0.13808438961731417,0.1689725225024838,44.14
2009-04-30,1.1402,1.51008088,0.01154515998379911,1.68738198,0.8342843400000001,0.955021358572745,0.6493439000000001,0.14273553491399815,0.17362570427897062,36.5
2009-05-31,1.0692,1.51035192,0.011189952904238618,1.7278272,0.8546115599999999,0.9758145477776764,0.6810803999999999,0.14027446144157854,0.16934066108110674,28.92
2009-06-30,1.0867,1.5235534,0.011270483302219456,1.78783884,0.8753368499999999,0.9347152933081024,0.7005954900000001,0.14061489091897209,0.1688628523479504,26.35
2009-07-31,1.0668,1.52328372,0.011284112544954516,1.78294284,0.8896045199999999,0.9886016124548235,0.7046214,0.14781560460572804,0.17446481429996566,25.92
2009-08-31,1.0569,1.51707426,0.01138655462184874,1.7242266599999998,0.89191791,0.9637093097474241,0.72461064,0.14863933619295408,0.17600039966028877,26.01
2009-09-30,1.0375,1.5178625000000001,0.011593474131187843,1.6604150000000002,0.91549,0.9679074540535498,0.7504237500000002,0.14874338719158148,0.17958215775535286,25.61
2009-10-31,1.0238,1.5106169,0.011312707182320442,1.68712002,0.9253104400000001,0.9508683941673632,0.7402074,0.14520338117660408,0.17977172958735732,30.69
2009-11-30,1.005,1.506897,0.011669763121226194,1.6491044999999998,0.9188715,0.9508041627246925,0.7186754999999999,0.14373775368640854,0.1765387858347386,24.51
2009-12-31,1.0358,1.48450856,0.011128061882251827,1.67457786,0.9300448200000001,0.9901539049804035,0.7514729000000001,0.14480232623161662,0.17889773571218848,21.68
2010-01-31,1.0557,1.4642559000000002,0.011680681566718303,1.69007013,0.93672261,0.9910814870446866,0.7438462200000001,0.14294805827871962,0.1783246904613098,24.62
2010-02-28,1.0711,1.4631226,0.012056506078343087,1.6322492899999999,0.9598127099999999,1.0181558935361217,0.7497699999999999,0.1508379101534995,0.1815669921345267,19.5
2010-03-31,1.0528,1.42401728,0.011271948608137045,1.5987820799999999,0.96531232,1.0366285939346198,0.74727744,0.14616538012994945,0.177277855422904,17.59
2010-04-30,1.0767,1.43222634,0.011425084889643463,1.6482123599999998,1.00197702,1.0647745253164556,0.7881444,0.14879973465636617,0.182476061350733,22.05
2010-05-31,1.1534,1.42664046,0.01270124435634842,1.67150728,0.9793519399999999,1.09879013051348,0.78408132,0.14798183264478715,0.17919120045986298,32.07
2010-06-30,1.0774,1.32423234,0.01217538704938411,1.6103897799999998,0.9136351999999999,1.0158400905148028,0.74351374,0.13898169528256857,0.16620387510798468,34.54
2010-07-31,1.041,1.3604828999999998,0.012044429017702184,1.6358273999999997,0.9422090999999999,1.0113669484115417,0.7558700999999999,0.14463958205968988,0.17219419402861633,23.5
2010-08-31,1.015,1.289456,0.01206896551724138,1.5588369999999998,0.904365,0.9539473684210525,0.7099924999999999,0.13773917763604288,0.1614262766989519,26.05
2010-09-30,0.9808,1.33398608,0.011741889141625763,1.54289648,0.9454912,0.9528805984649761,0.71882832,0.14503297548280247,0.1663726421495454,23.7
2010-10-31,0.985,1.3685589999999999,0.012239065606361827,1.57797,0.965103,0.9669186217728478,0.7510625,0.1469096766495645,0.16755975163732245,21.2
2010-11-30,0.9985,1.3016446000000002,0.011949497367161322,1.5554633000000002,0.95925895,0.9726280927332944,0.74338325,0.1423885918003565,0.1613841702897965,23.54
2010-12-31,0.9369,1.24317261,0.011471776662177054,1.4420764799999999,0.9483301799999999,0.9360575482066141,0.72019503,0.13865415636885645,0.15905541219611571,17.75
2011-01-31,0.9402,1.2894843,0.011470050018299378,1.5082688400000002,0.93794352,0.9383233532934132,0.7272447,0.14617991852980503,0.16277982652054226,19.53
2011-02-28,0.9305,1.28343865,0.01135587014888943,1.51178335,0.9466907000000001,0.9556331518948341,0.6999221,0.14666939882097033,0.1657522533756101,18.35
2011-03-31,0.9157,1.29873731,0.011064523924601255,1.46951536,0.94848206,0.942369043943604,0.69950323,0.1450407070675072,0.165485958000506,17.74
2011-04-30,0.8666,1.28438786,0.010657975648751691,1.44644206,0.94780042,0.9135568205776935,0.69917288,0.14381492913803975,0.16538799190808812,14.75
2011-05-31,0.8525,1.225554,0.010487144790257103,1.4014247499999999,0.908765,0.8799545829892651,0.7016927500000001,0.13799187426148044,0.1583924789119691,15.45
2011-06-30,0.8413,1.22181999,0.010432787698412698,1.35171671,0.90288316,0.8725368180875338,0.6969329200000001,0.13348247576435499,0.15652384230404287,16.52
2011-07-31,0.7881,1.13391828,0.01021119461000259,1.29681855,0.86698881,0.8261872313659713,0.6916365600000001,0.1253738466433344,0.1466232558139535,25.25
2011-08-31,0.8038,1.15795428,0.010507189542483659,1.30770222,0.86022676,0.8216293570479403,0.68732938,0.12713727599133226,0.15027107870630024,31.62
2011-09-30,0.9048,1.21686552,0.01174454828660436,1.4136595200000002,0.88163712,0.8709211666185389,0.694434,0.13268807743070832,0.15501644736842105,42.96
2011-10-31,0.8706,1.21422582,0.011165833012697192,1.40523546,0.9237066,0.8765606121627064,0.7069272000000001,0.13469482478533304,0.1579147847853295,29.96
2011-11-30,0.9106,1.2250301799999999,0.011737561227120392,1.4300973,0.9328186399999999,0.8928326306500637,0.70744514,0.1347938716601288,0.1579723470325972,27.8
2011-12-31,0.9374,1.2160890199999999,0.01217718888022863,1.45643838,0.96092874,0.9219118804091267,0.7316407,0.1363748781587791,0.15706578197781576,23.4
2012-01-31,0.922,1.2034866,0.01207754781241813,1.4525188,0.9771356000000001,0.9174129353233832,0.7602812,0.13526796848637784,0.15698961348544185,19.44
2012-02-29,0.9023,1.20538257,0.01112577065351418,1.43925873,0.9724087100000001,0.9145550375025339,0.75766131,0.13703810579712347,0.1618852826668102,18.43
2012-03-31,0.9026,1.2035268399999999,0.010952554301662419,1.4428060999999999,0.9357254199999999,0.9035035035035035,0.7401319999999999,0.1363629496457222,0.15834809915615514,15.5
2012-04-30,0.9081,1.2013254899999999,0.011378273399323393,1.47339225,0.9453320999999999,0.9185717175804168,0.74228094,0.13498528406219343,0.15854808296668763,17.15
2012-05-31,0.9713,1.20091532,0.012406437603780815,1.49628765,0.94322943,0.9385447869359359,0.7310975100000001,0.13368660105980318,0.15897670916738957,24.06
2012-06-30,0.9485,1.2015597999999998,0.011884475629620347,1.4878171,0.9708846000000001,0.9308145240431797,0.7613609499999999,0.1372191600480303,0.15930199358425287,17.08
2012-07-31,0.9753,1.20108195,0.012487836107554417,1.52985558,1.02621066,0.9739364889155182,0.7914559499999999,0.14370119345808163,0.16203957533768626,18.93
2012-08-31,0.9546,1.20069588,0.012191570881226054,1.51437744,0.9864836400000001,0.9679578178868384,0.76721202,0.14425169245647967,0.16461458872219348,17.47
2012-09-30,0.94,1.208464,0.01206365503080082,1.516408,0.9764719999999999,0.9555758869574057,0.779542,0.14318573017106126,0.16407177267332262,15.73
2012-10-31,0.9311,1.20651938,0.011647485614210659,1.50009521,0.9655507,0.9316589953972384,0.7653641999999999,0.14033580514861035,0.16313622426631627,18.6
2012-11-30,0.9264,1.2052464,0.011223649139811,1.48474128,0.96614256,0.9328365723492096,0.7597406400000001,0.1391116316785296,0.1634813912859336,15.87
2012-12-31,0.9155,1.2071783,0.010566712834718375,1.4887861,0.9514791499999998,0.9193613175336413,0.75684385,0.14068598825951995,0.16460498399798626,18.02
2013-01-31,0.9093,1.2351931200000001,0.009961656441717792,1.44178608,0.9486726899999999,0.9100280224179343,0.76353921,0.14312247178631576,0.1662948061448427,14.28
2013-02-28,0.9336,1.22105544,0.01010827197921178,1.41832512,0.95609976,0.9076414544040443,0.77358096,0.1447038035896959,0.16319110629446415,15.51
2013-03-31,0.949,1.2162384,0.010078589634664402,1.4418157,0.9878140999999999,0.9327698053862786,0.793364,0.14537377450980393,0.16237210416452794,12.7
2013-04-30,0.9298,1.22436064,0.009534454470877769,1.44481622,0.9643885599999998,0.9231532962668784,0.7977683999999999,0.14345002082786923,0.16121649270035024,13.52
2013-05-31,0.9583,1.24464004,0.009504115838540118,1.45517855,0.92073464,0.9270581406597659,0.76405259,0.1447124024101116,0.1634682633096225,16.3
2013-06-30,0.945,1.229445,0.009525249470819473,1.4373449999999999,0.8660924999999999,0.8988870921715971,0.7328475,0.1403785020351169,0.1551647702083641,16.86
2013-07-31,0.9284,1.23310088,0.009439755973563804,1.4090326800000001,0.83156788,0.9024982988237582,0.73817084,0.14220942344219104,0.15724932249322493,13.45
2013-08-31,0.9313,1.22894348,0.009481775605782937,1.44053484,0.8289501300000001,0.8824142505211295,0.71980177,0.14038710844463204,0.15197206311907444,17.01
2013-09-30,0.9041,1.22369935,0.009198290772204699,1.46274339,0.8446102200000001,0.8791326332166473,0.75248243,0.14105624463686714,0.1504200981615506,16.6
2013-10-31,0.9056,1.2310726399999998,0.009231396534148829,1.4551180799999999,0.85769376,0.8683478761146802,0.74956512,0.13998639708155566,0.15226309772008875,13.75
2013-11-30,0.9047,1.2309348199999999,0.008830649097120545,1.48126531,0.82553875,0.8537321883551947,0.7379637899999999,0.13817487590683467,0.14792347939829953,13.7
2013-12-31,0.8904,1.22688216,0.008459857482185272,1.47574896,0.79503816,0.8370781235310707,0.7327101599999999,0.13857503034830515,0.14679262080221575,13.72
2014-01-31,0.9052,1.22202,0.00885021509581541,1.489054,0.7914163599999999,0.8143216984526809,0.7323068,0.13838439430073993,0.14421361203160846,18.41
2014-02-28,0.881,1.2163086,0.008630485893416927,1.475675,0.7869973,0.7954853273137698,0.739159,0.1374222028108378,0.1469852180586606,14.0
2014-03-31,0.884,1.2178868,0.008584191105068945,1.47407,0.81991,0.7997828643807111,0.7676656,0.13652509652509653,0.1476039405576891,13.88
2014-04-30,0.88,1.22056,0.008615625611905228,1.485704,0.816816,0.8032128514056226,0.75724,0.13528263309197683,0.14799118779745388,13.41
2014-05-31,0.8944,1.2199616,0.008788444531787364,1.4993721599999998,0.83161312,0.8230422379681605,0.7588984,0.1337820656644978,0.1495577144959283,11.4
2014-06-30,0.8868,1.2140292000000001,0.008755924170616113,1.5168713999999999,0.83598636,0.830648182840015,0.7763934,0.13260759039387504,0.14464434259244158,11.57
2014-07-31,0.9086,1.2166154,0.008842822384428224,1.53453454,0.84508886,0.8344200569381945,0.7714013999999999,0.13176136198845673,0.14456642800318217,16.95
2014-08-31,0.9174,1.206381,0.008821153846153847,1.5215079,0.85721856,0.8449069810278135,0.76758858,0.13152122489355297,0.14834098699954723,11.98
2014-09-30,0.9554,1.20647912,0.008712383731533832,1.5496588000000002,0.8347329800000001,0.852502899973231,0.74406552,0.13241673712076063,0.14842087275325846,16.31
2014-10-31,0.9623,1.2057619,0.008585065572307968,1.5395837700000001,0.8459579300000001,0.8537083037615331,0.7486694,0.1300915223533547,0.14258197389281535,14.03
2014-11-30,0.9658,1.20126204,0.008136478517270429,1.51031804,0.82324792,0.8452651846665499,0.7571872000000001,0.12956106460613867,0.13784933344751793,13.33
2014-12-31,0.9934,1.20211334,0.00828869420108469,1.54751852,0.81190582,0.8563054909059564,0.77445464,0.1269601891494664,0.1327790846877673,19.2
2015-01-31,0.921,1.039809,0.007842302452316078,1.3838946,0.7148802000000001,0.7242843661528783,0.6675408,0.11132330899772762,0.11884177656197581,20.97
2015-02-28,0.9513,1.06517061,0.007946040761777481,1.46871207,0.7429653,0.7606748760594915,0.7188974100000001,0.11385315061935254,0.12415980370404207,13.34
2015-03-31,0.9712,1.04316592,0.008096032010670223,1.442232,0.7405399999999999,0.7658701995110795,0.7269432,0.11257940371864422,0.12062648267981568,15.29
2015-04-30,0.941,1.0503442,0.007850825963624228,1.4423647999999998,0.7402846999999999,0.7766589633542422,0.7143130999999999,0.11232065697438467,0.12433932346723044,14.55
2015-05-31,0.9404,1.03387576,0.007585094370059687,1.43749544,0.72025236,0.7543718915450025,0.6687184399999999,0.11031732066396857,0.12080416211702742,13.84
2015-06-30,0.9346,1.04245284,0.007654381654381655,1.46984542,0.72001584,0.7492984847270103,0.63347188,0.11268794386100293,0.11894519815715121,18.23
2015-07-31,0.9636,1.06265808,0.007774729707923189,1.5064922399999998,0.70651152,0.7385605886410669,0.638385,0.11214431189991272,0.11842784455423642,12.12
2015-08-31,0.9681,1.08369114,0.007983671449777338,1.4872920299999999,0.6873509999999999,0.7321334039174165,0.6146466899999999,0.11423682813145317,0.11632601564471359,28.43
2015-09-30,0.9773,1.09086226,0.008157082046573741,1.47728668,0.6860645999999999,0.7295461331740818,0.6244947,0.11646725140623511,0.11462719478295545,24.5
2015-10-31,0.9858,1.0885203600000002,0.008167357083678542,1.5225681,0.70317114,0.7535545023696683,0.66699228,0.11608299380608086,0.11646562621835238,15.07
2015-11-30,1.0282,1.08598484,0.008344424606395066,1.54682408,0.7439027,0.7712271227122712,0.67593868,0.11790473132582621,0.11840438517699625,16.13
2015-12-31,1.0017,1.0877460300000001,0.008328760289348966,1.47710682,0.7298386200000001,0.7238239757207892,0.6853631400000001,0.1185654258152335,0.11313275055905672,18.21
2016-01-31,1.0226,1.1076803199999998,0.008447748864105742,1.45045584,0.7230804599999999,0.7265880346738667,0.66151994,0.11931069082593426,0.11744438446784806,20.2
2016-02-29,0.996,1.0824528,0.008821966341895483,1.3870296,0.7123392,0.7365774293743529,0.6574596,0.11620716610857669,0.11458944534566665,20.55
2016-03-31,0.9583,1.0915037,0.00852428393524284,1.37813123,0.7356869100000001,0.7389158763204565,0.6637185800000001,0.11836417084558189,0.11612942317014056,13.95
2016-04-30,0.9598,1.09810718,0.00897848456501403,1.4037074999999999,0.7305997599999999,0.7648418200653438,0.67032432,0.1195759153824112,0.11901838969284377,15.7
2016-05-31,0.9934,1.1061508999999998,0.008969751693002256,1.4434102,0.7194202799999999,0.7584943116744292,0.6724324599999999,0.11916986564299423,0.11871698654365542,14.19
2016-06-30,0.9792,1.08025344,0.009528072394667705,1.29665664,0.72774144,0.752651806302844,0.6971904,0.11516206426118454,0.11666726239410943,15.63
2016-07-31,0.969,1.0821792,0.009470289288506645,1.285863,0.7363431,0.7430981595092024,0.6992304,0.11332935686467141,0.1150148367952522,11.87
2016-08-31,0.983,1.0956518,0.00950860901528342,1.2905807,0.7391177,0.7491236092059137,0.7133631,0.11471717489992882,0.11781202809271554,13.42
2016-09-30,0.9694,1.08941172,0.009578104930342852,1.2616741000000002,0.7432389800000001,0.7391536408692336,0.7066926,0.11308121223432799,0.1213312139379451,13.29
2016-10-31,0.989,1.0841418,0.00941277243742267,1.2077668000000001,0.7527279,0.7378945012310676,0.7077284,0.10963672442271664,0.119877334820184,17.06
2016-11-30,1.0187,1.07758086,0.008909393038306804,1.27143947,0.75251369,0.7588081936685288,0.7213414699999999,0.11007261096944289,0.1195334592774251,13.33
2016-12-31,1.016,1.0720832,0.008700119883541703,1.2534392,0.734568,0.7567406524653657,0.7069328,0.11189057630254508,0.1179927299754956,14.04
2017-01-31,0.9888,1.0673107199999998,0.008772178850248403,1.2444047999999999,0.74970816,0.7588641596316194,0.72469152,0.11297343616109684,0.11993595652806753,11.99
2017-02-28,1.0022,1.06413596,0.008943423166160985,1.2454339399999999,0.7702909199999999,0.7565486525251001,0.72449038,0.11123443361672844,0.11978438332915009,12.92
2017-03-31,0.9998,1.0695860400000001,0.00897405977919397,1.25344926,0.7636472400000001,0.7505442534344269,0.6999599799999999,0.11189828649453266,0.11658659452399833,12.37
2017-04-30,0.9944,1.0833987999999999,0.00892318736539842,1.28655472,0.743314,0.7274855512473479,0.6821584,0.11219044395554803,0.11599748034435294,10.82
2017-05-31,0.9684,1.08809424,0.008747177310089423,1.2497202,0.7201990800000001,0.7174396206845458,0.687564,0.11158224639351062,0.1147923803653347,10.41
2017-06-30,0.9586,1.09385846,0.008528469750889679,1.2457007000000002,0.73582136,0.7384070251116931,0.70188692,0.1135781990521327,0.11441734999582244,11.18
2017-07-31,0.965,1.1412090000000001,0.008742525819894908,1.273414,0.7708419999999999,0.7726180944755804,0.7240395,0.11950168416881314,0.1222726236030511,10.26
2017-08-31,0.961,1.1430134,0.008731600944939124,1.2385367999999999,0.7622652,0.7678785457451058,0.6890369999999999,0.12080452545568825,0.12364422371756108,10.59
2017-09-30,0.9688,1.14444344,0.008600852272727272,1.29838576,0.7595392,0.7744823726916621,0.6999580000000001,0.11881576688169933,0.1216642178100943,9.51
2017-10-31,0.9968,1.16107264,0.008772331250550032,1.3238500800000002,0.7643462400000001,0.773072747014115,0.6828080000000001,0.11921733722432187,0.12210598525124337,10.18
2017-11-30,0.9838,1.17052524,0.00876046304541407,1.32872028,0.74493336,0.7635827382800373,0.673903,0.1176808335027931,0.11863160052575095,11.28
2017-12-31,0.9738,1.17070236,0.008641405626053776,1.31745402,0.7610247,0.7779819445554046,0.691398,0.11914549992658935,0.11901880981190187,11.04
2018-01-31,0.9321,1.15841388,0.008527124691245083,1.3226499,0.75211149,0.7582363946961685,0.68714412,0.11838295061979273,0.12102208545943209,13.54
2018-02-28,0.943,1.1514973,0.008844494466329018,1.3007742,0.7356343,0.7363735748867718,0.6815061,0.11403487556533727,0.11967308814944541,19.85
2018-03-31,0.9532,1.1743424,0.008975517890772128,1.3370536400000002,0.7330108000000001,0.7394306105034522,0.6900214800000001,0.11399323120343463,0.12139891489849462,19.97
2018-04-30,0.9911,1.19665414,0.009069363103953147,1.36286161,0.74758673,0.773209549071618,0.6980317300000001,0.11310053634600023,0.12352926513111977,15.93
2018-05-31,0.9844,1.1487948000000001,0.009053619056378184,1.30816916,0.7451908,0.7589822667694681,0.68947376,0.11156823410742013,0.12027025375997263,15.43
2018-06-30,0.9922,1.15859194,0.00896215337367898,1.30940634,0.7341287799999999,0.7550989345509893,0.6720170599999999,0.11084671157734803,0.12177520312231523,16.09
2018-07-31,0.9895,1.1583087,0.008844297461565963,1.2987187500000001,0.7359901000000001,0.7601597910424829,0.6740474000000001,0.11262748133309052,0.12146171408931335,12.83
2018-08-31,0.9698,1.1245800799999999,0.008738511443503334,1.25724872,0.6974801599999999,0.741891064871481,0.64142572,0.10591267501037505,0.1156285768790538,12.86
2018-09-30,0.9758,1.1340747599999998,0.008598872047937963,1.27371174,0.70628404,0.7551462621885157,0.6474432999999999,0.10991214237440865,0.11998475291108734,12.12
2018-10-31,1.0057,1.13965924,0.008911040226829701,1.2851840300000001,0.7130413,0.7660141671109758,0.6567221000000001,0.10995823402068619,0.11958382877526755,21.23
2018-11-30,0.9987,1.13082801,0.008796019024132464,1.2755396399999999,0.73014957,0.751919891582593,0.6871056,0.10976896528983755,0.11630100614868644,18.07
2018-12-31,0.9832,1.12635392,0.008962625341841385,1.25485816,0.6927627199999999,0.7206097918498974,0.65982552,0.11090306133958987,0.11363977854575295,25.42
2019-01-31,0.9938,1.13829852,0.009130834252113194,1.3053563,0.7236851599999999,0.7563165905631659,0.6880077400000001,0.10985463991598961,0.11780604322004766,16.57
2019-02-28,0.9974,1.1349414599999998,0.008954929071646614,1.32394876,0.7080542599999999,0.7575573446756797,0.67902992,0.10801269208693863,0.11660314713928312,14.7
2019-03-31,0.9962,1.11853336,0.009000722804481387,1.29824784,0.70770048,0.7456586826347305,0.6794084,0.10717705408342208,0.11527424207359407,13.71
2019-04-30,1.02,1.1425020000000001,0.009156193895870735,1.32906,0.7180799999999999,0.7596633648618455,0.6803400000000001,0.10732210309234963,0.11800911678274753,13.12
2019-05-31,1.0034,1.1186906600000002,0.009234308853303884,1.2662908000000002,0.6953562,0.7419951194261628,0.6547185,0.10547671607274257,0.11459701458445162,18.71
2019-06-30,0.9758,1.10987492,0.009048590504451039,1.23965632,0.6839382199999999,0.7453976014055458,0.65485938,0.1050727368659079,0.11441502708533638,15.08
2019-07-31,0.9902,1.1020926,0.009119543193958371,1.2100244,0.68204976,0.753404854295062,0.65333396,0.10322217473339657,0.11276876822157435,16.12
2019-08-31,0.9899,1.08780111,0.009312323612417687,1.20431234,0.6662027,0.7448457486832205,0.62353801,0.10072550037139921,0.10855118870076323,18.98
2019-09-30,0.9978,1.0881009000000001,0.00922948848395153,1.2277928999999999,0.67311588,0.753454655289587,0.62482236,0.10149836735939455,0.10984873505515556,16.24
2019-10-31,0.9868,1.1007753999999998,0.009129429179387548,1.27682052,0.67970784,0.7507608034083992,0.63293352,0.1024352772645172,0.10747348014550523,13.22
2019-11-30,1.0001,1.1020101900000001,0.009135836302183247,1.29402939,0.6762676200000001,0.7524640734331502,0.64196419,0.10450365726227795,0.10852250531707106,12.62
2019-12-31,0.9677,1.08643679,0.008904941566209626,1.28404113,0.6802931,0.7465668878259528,0.65271365,0.10358041209526359,0.11018753629459255,13.78
2020-01-31,0.9645,1.0688589000000002,0.008889400921658986,1.27265775,0.6461185500000001,0.7295763993948563,0.6236457,0.10010067148921153,0.10485405229113444,18.84
2020-02-29,0.9671,1.06390671,0.008944691083980761,1.23576038,0.6281314499999999,0.721124450078294,0.60269672,0.09990496064130906,0.10234837180260555,40.11
2020-03-31,0.9627,1.06051032,0.008952850367339346,1.19894658,0.59100153,0.681654039510019,0.57367293,0.09710020676786524,0.09251482332138497,53.54
2020-04-30,0.9669,1.05720846,0.00904151860856555,1.21848738,0.63070887,0.6950614621522536,0.5946435,0.09891458910906283,0.09428295613000107,34.15
2020-05-31,0.9618,1.06827126,0.0089245615662986,1.1849376,0.63882756,0.696502281121008,0.59506566,0.10204991087344029,0.09884282572503236,27.51
2020-06-30,0.9467,1.06380679,0.008784448362252947,1.1709732300000002,0.65256031,0.6953871015131482,0.61024282,0.10171804321432025,0.09802540977665489,30.43
2020-07-31,0.9113,1.07733886,0.008615050103989412,1.19681029,0.65239967,0.6808876270173341,0.60546772,0.10416404722987416,0.1002651586000506,24.46
2020-08-31,0.9012,1.076934,0.008514739229024943,1.205355,0.66580656,0.6914224336351082,0.60858036,0.10448816797875918,0.10353503440828096,26.41
2020-09-30,0.9188,1.0771092399999997,0.008702405758666414,1.18718148,0.6578607999999999,0.6896344667117015,0.60714304,0.10251375143650908,0.0980932248628104,26.37
2020-10-31,0.9165,1.06744755,0.00876697914673809,1.1853094499999999,0.64365795,0.6874437443744374,0.6058065,0.10296711568493074,0.09585115617515713,38.02
2020-11-30,0.906,1.0824888000000001,0.008679823721019353,1.2084228000000001,0.6660006,0.6978893853027268,0.6357402,0.10587080489856969,0.10204886180601706,20.57
2020-12-31,0.8841,1.0812543000000001,0.008567690667700358,1.20785742,0.6815526900000001,0.6932486473770877,0.63602154,0.10769230769230768,0.10309362501020325,22.75
2021-01-31,0.8905,1.08062175,0.00851012996941896,1.22203315,0.68221205,0.6970100187852222,0.64116,0.1068296603764531,0.10420811196667211,33.09
2021-02-28,0.9092,1.09949556,0.008525881470367591,1.26806124,0.7019024,0.7160182705937943,0.65907908,0.10796689268622865,0.10509281734748133,27.95
2021-03-31,0.9418,1.10595574,0.008514600849832745,1.2992131,0.71699234,0.7491846312942486,0.6582240199999999,0.10802316912312897,0.11037667299533553,19.4
2021-04-30,0.9127,1.0979781,0.008348120369523461,1.26299426,0.7042393199999999,0.7425758685216824,0.6543146299999999,0.1080079997159864,0.10992279991810286,18.61
2021-05-31,0.8995,1.0968503,0.008189929891650733,1.2762106,0.6931546999999999,0.7441879705468685,0.6523173999999999,0.10834869126344572,0.10776326824008627,16.76
2021-06-30,0.9253,1.09629544,0.008332282755515534,1.27746918,0.6936048800000001,0.7459690422444373,0.64567434,0.108084430375311,0.10740070107017667,15.83
2021-07-31,0.9061,1.07499704,0.008259799453053784,1.26065693,0.6660741099999999,0.7268570511792075,0.63263902,0.10546838625570351,0.1026695673850477,18.24
2021-08-31,0.9161,1.080998,0.008324398000908678,1.25936267,0.6693942700000001,0.7253939345949799,0.6451176200000001,0.10612221256878077,0.1053557669085598,16.48
2021-09-30,0.9339,1.08117603,0.008375784753363228,1.2579633,0.67502292,0.7369210131776216,0.64429761,0.10660837205054736,0.10685110180545067,23.14
2021-10-31,0.9165,1.0587408,0.008037358589844777,1.2543219,0.6882915,0.7392917641364846,0.6560307,0.10665658093797277,0.10840380862262701,16.26
2021-11-30,0.9217,1.04032279,0.0081407878466702,1.22143684,0.6533009599999999,0.7194036840462067,0.62629515,0.10155131001961172,0.10115343671462593,27.19
2021-12-31,0.9146,1.03514428,0.007941304159069202,1.23471,0.6639995999999999,0.7158174845425374,0.6254949399999999,0.10106300691727994,0.10384213633680002,17.22
2022-01-31,0.9303,1.04305236,0.00807411907654921,1.25023017,0.65716392,0.7328659209075153,0.61204437,0.09966681308321103,0.10444945939573579,24.83
2022-02-28,0.9179,1.03025096,0.00797411171922509,1.2317300100000002,0.66648719,0.7249249723582373,0.62178546,0.09715180830008151,0.10413995756798766,30.15
2022-03-31,0.9211,1.02177623,0.0075848155467720686,1.21143072,0.69073289,0.7379426373978529,0.63979606,0.09854604200323103,0.10516400835740465,20.56
2022-04-30,0.9723,1.02451251,0.007488447319778189,1.22169495,0.69043023,0.7594907045774099,0.62966148,0.0992031506667619,0.10421221864951768,33.4
2022-05-31,0.957,1.0269567,0.007445732513810005,1.2081168,0.6878915999999999,0.7571801566579635,0.623964,0.09801210557040588,0.10223594389308492,26.19
2022-06-30,0.955,0.9997894999999999,0.007038101555015107,1.161471,0.6594274999999999,0.7419780902804755,0.5963975,0.09326171875,0.09683535960900821,28.71
2022-07-31,0.9513,0.97051626,0.00713921200750469,1.15896879,0.6644830500000001,0.7431450667916569,0.59732127,0.09338280766852197,0.0983479447522951,21.33
2022-08-31,0.9748,0.9811361999999999,0.007028624990987093,1.13534956,0.66929768,0.7446337178214041,0.59813728,0.09171739600876905,0.09843382375215841,25.87
2022-09-30,0.9845,0.96313635,0.006803261695805403,1.0961423,0.63372265,0.7158958696916813,0.5554549000000001,0.08849438202247191,0.09055454888289996,31.62
2022-10-31,1.0006,0.9890931,0.006732153670187715,1.1521909,0.6397836399999999,0.733631497910404,0.5813485999999999,0.09058318697832737,0.0962541123958674,25.88
2022-11-30,0.9486,0.97923978,0.006809274280381882,1.13471532,0.6371746199999999,0.7006943418525632,0.59135724,0.0893380171593788,0.09543259557344065,20.58
2022-12-31,0.9241,0.9886021800000001,0.007010848949245125,1.11603557,0.62885005,0.6828997930830624,0.58606422,0.08871331611738842,0.09392214655960972,21.67
2023-01-31,0.9186,0.99741588,0.007056925558884536,1.13208264,0.647613,0.6889672241806045,0.5939667599999999,0.08777327625745299,0.09182418856645908,19.4
2023-02-28,0.9376,0.9940435200000001,0.006889558380483504,1.1338396800000001,0.63231744,0.6886016451233843,0.58074944,0.08985490579418473,0.09066032353822798,20.7
2023-03-31,0.9129,0.99250488,0.00687683615819209,1.12916601,0.61200816,0.6749722735674677,0.57247959,0.08823444129785528,0.08740485422949879,18.7
2023-04-30,0.8911,0.9837744,0.006552687697624825,1.12118202,0.58964087,0.6575413223140496,0.55132357,0.0869705250829592,0.0837185268695979,15.78
2023-05-31,0.9129,0.97260366,0.00653097724996423,1.1316308400000001,0.59092017,0.6718428024727702,0.5472835500000001,0.08381303880794339,0.0817388189998657,17.94
2023-06-30,0.8947,0.9770124000000001,0.006192981241780301,1.13707423,0.59613861,0.6761638452237002,0.54871951,0.08297935486264399,0.08353250924300706,13.59
2023-07-31,0.8688,0.9574176000000001,0.006110564073709382,1.1170161600000001,0.5847024000000001,0.6601823708206687,0.5403936,0.08275152635037956,0.08592366955782145,13.63
2023-08-31,0.8837,0.9578424300000001,0.006066035145524437,1.11938279,0.57157716,0.6527069946081689,0.52562476,0.08068624855053277,0.08285205325332834,13.57
2023-09-30,0.9141,0.9674834400000001,0.0061172455330254965,1.11648174,0.58968591,0.6753601773180643,0.54964833,0.08391165454946024,0.08575931850378558,17.52
2023-10-31,0.91,0.961688,0.006008186980060742,1.104285,0.5762120000000001,0.6557140798385935,0.5292560000000001,0.08142520960280604,0.08144925979628735,18.14
